# GRID = {'r': [1.0,1.02,1.04,1.06,1.08,1.1,1.12,1.14,1.16,1.18,1.2,1.22,1.24,1.26,1.28,1.3,1.32,1.34,1.36,1.38,1.4,1.42,1.44,1.46,1.48,1.5,1.52,1.54,1.56,1.58,1.6,1.62,1.64,1.66,1.68,1.7,1.72,1.74,1.76,1.78,1.8,1.82,1.84,1.86,1.88,1.9,1.92,1.94,1.96,1.98, 2.0], 'allow_forced_l_in_cd': [True, False], 'eta': [0.0]}
# BASE = Params(Lsize=50, T=50000, fc=0.5, fd=0.5, fL=None, pi0=10.0, r=1.6, sigma=0.25, alpha=1.0, gamma=70.0, beta=0.1, Min_Res=-10000.0, kappa=1, learn_signal='hybrid', seed=0, allow_forced_l_in_cd=False, update_rule='best_imitation_logit', eta=0.5, scale_low=0.0, scale_high=1.0, scale_eps=1e-09),,,,,,,,,,,,,,,,,,,,,,,,,,,,,,,,,
# REPLICAS = 50, T = 50000,,,,,,,,,,,,,,,,,,,,,,,,,,,,,,,,,,,,,,,,,,,,,,,,,,,,
allow_forced_l_in_cd,eta,r,frac_C_mean,frac_D_mean,frac_L_mean,avg_res_mean,gini_mean,sum_res_mean,cum_sigma_mean,cum_output_mean,net_output_mean,cum_sigma_hat_mean,cum_output_hat_mean,net_output_hat_mean,,,,,,,,,,,,,,,,,,,,,,,,,,,,,,,,,,,,,,,
FALSE,0,1,1,0,0,95.99999999999996,0,239999.9999999999,0,499964665.2,499964665.2,0,3.999717322,3.999717322,,,,,,,,,,,,,,,,,,,,,,,,,,,,,,,,,,,,,,,
TRUE,0,1,1,0,0,95.99999999999996,0,239999.9999999999,0,499964665.2,499964665.2,0,3.999717322,3.999717322,,,,,,,,,,,,,,,,,,,,,,,,,,,,,,,,,,,,,,,
FALSE,0,1.02,0.9269600000000001,0.07304,0,93.40935471999995,0.020788741246751816,233523.38679999992,0,463974382.7775568,463974382.7775568,0,3.7117950622204545,3.7117950622204545,,,,,,,,,,,,,,,,,,,,,,,,,,,,,,,,,,,,,,,
TRUE,0,1.02,0.926952,0.07304799999999999,0,93.40907247999996,0.020787701280670867,233522.6811999999,10.54,463970463.78915495,463970453.249155,8.432e-08,3.7117637103132406,3.71176362599324,,,,,,,,,,,,,,,,,,,,,,,,,,,,,,,,,,,,,,,
FALSE,0,1.04,0.926552,0.073448,0,93.43289983999995,0.020659491500717206,233582.2495999999,0,464320716.37913674,464320716.37913674,0,3.714565731033094,3.714565731033094,,,,,,,,,,,,,,,,,,,,,,,,,,,,,,,,,,,,,,,
TRUE,0,1.04,0.9265760000000001,0.07342399999999999,0,93.43374079999995,0.020648811019684916,233584.35199999993,12.12,464332397.50710225,464332385.3871023,9.696e-08,3.7146591800568185,3.714659083096818,,,,,,,,,,,,,,,,,,,,,,,,,,,,,,,,,,,,,,,
FALSE,0,1.06,0.9264160000000001,0.073584,0,93.46806991999996,0.020457461494659875,233670.17479999992,0,464803335.94240534,464803335.94240534,0,3.718426687539243,3.718426687539243,,,,,,,,,,,,,,,,,,,,,,,,,,,,,,,,,,,,,,,
TRUE,0,1.06,0.926504,0.07349599999999999,0,93.47109967999997,0.02043628163297597,233677.74919999993,13.82,464845400.1215873,464845386.3015873,1.1056e-07,3.7187632009726985,3.7187630904126987,,,,,,,,,,,,,,,,,,,,,,,,,,,,,,,,,,,,,,,
FALSE,0,1.08,0.9262239999999998,0.07377600000000001,0,93.50005823999993,0.02030763928451529,233750.14559999987,0,465260546.7391806,465260546.7391806,0,3.722084373913445,3.722084373913445,,,,,,,,,,,,,,,,,,,,,,,,,,,,,,,,,,,,,,,
TRUE,0,1.08,0.92636,0.07364,0,93.50518431999996,0.020268541426533546,233762.96079999988,16.82,465324986.875185,465324970.055185,1.3455999999999998e-07,3.72259989500148,3.72259976044148,,,,,,,,,,,,,,,,,,,,,,,,,,,,,,,,,,,,,,,
FALSE,0,1.1,0.9260719999999999,0.07392800000000001,0,93.53535439999995,0.020110176629033808,233838.38599999994,0,465737889.2759926,465737889.2759926,0,3.72590311420794,3.72590311420794,,,,,,,,,,,,,,,,,,,,,,,,,,,,,,,,,,,,,,,
TRUE,0,1.1,0.9260799999999999,0.07392,0,93.53562799999996,0.020109287147067504,233839.06999999992,18.54,465741699.3979922,465741680.8579922,1.4832e-07,3.725933595183937,3.7259334468639373,,,,,,,,,,,,,,,,,,,,,,,,,,,,,,,,,,,,,,,
FALSE,0,1.12,0.9259919999999999,0.074008,0,93.57078527999997,0.01990230204652822,233926.96319999985,0,466249139.5599821,466249139.5599821,0,3.7299931164798568,3.7299931164798568,,,,,,,,,,,,,,,,,,,,,,,,,,,,,,,,,,,,,,,
TRUE,0,1.12,0.926048,0.073952,0,93.57262847999996,0.0198911473063869,233931.57119999986,22.1,466274726.1216128,466274704.02161276,1.768e-07,3.730197808972903,3.730197632172903,,,,,,,,,,,,,,,,,,,,,,,,,,,,,,,,,,,,,,,
FALSE,0,1.14,0.9255520000000002,0.074448,0,93.59816367999994,0.01975174691795317,233995.4091999999,0,466604604.62470263,466604604.62470263,0,3.732836836997621,3.732836836997621,,,,,,,,,,,,,,,,,,,,,,,,,,,,,,,,,,,,,,,
TRUE,0,1.14,0.9255440000000001,0.07445600000000001,0,93.59791599999996,0.019757930866746713,233994.7899999999,22.14,466601170.51270676,466601148.3727068,1.7712e-07,3.7328093641016538,3.732809186981654,,,,,,,,,,,,,,,,,,,,,,,,,,,,,,,,,,,,,,,
FALSE,0,1.16,0.925504,0.074496,0,93.63649695999995,0.01953259810515697,234091.2423999999,0,467139124.2944206,467139124.2944206,0,3.7371129943553645,3.7371129943553645,,,,,,,,,,,,,,,,,,,,,,,,,,,,,,,,,,,,,,,
TRUE,0,1.16,0.925384,0.074616,0,93.63259167999996,0.019564152282313174,234081.4791999999,23.32,467084935.20877326,467084911.88877326,1.8656000000000002e-07,3.736679481670186,3.7366792951101866,,,,,,,,,,,,,,,,,,,,,,,,,,,,,,,,,,,,,,,
FALSE,0,1.18,0.925072,0.074928,0,93.66284223999996,0.019374431209090798,234157.10559999986,0,467506156.1935976,467506156.1935976,0,3.740049249548782,3.740049249548782,,,,,,,,,,,,,,,,,,,,,,,,,,,,,,,,,,,,,,,
TRUE,0,1.18,0.924936,0.075064,0,93.65849055999996,0.01940978861854883,234146.2263999999,24.76,467445765.6335893,467445740.87358934,1.9808e-07,3.739566125068714,3.739565926988715,,,,,,,,,,,,,,,,,,,,,,,,,,,,,,,,,,,,,,,
FALSE,0,1.2,0.9246480000000001,0.075352,0,93.68838399999996,0.01925862581478656,234220.95999999985,0,467878309.75996095,467878309.75996095,0,3.7430264780796874,3.7430264780796874,,,,,,,,,,,,,,,,,,,,,,,,,,,,,,,,,,,,,,,
TRUE,0,1.2,0.92464,0.07536000000000001,0,93.68818239999995,0.019258629359508186,234220.45599999986,26.7,467875494.6799853,467875467.9799853,2.1360000000000003e-07,3.7430039574398823,3.7430037438398824,,,,,,,,,,,,,,,,,,,,,,,,,,,,,,,,,,,,,,,
FALSE,0,1.22,0.9244800000000001,0.07552,0,93.72309535999995,0.019053408683657482,234307.73839999991,0,468371951.48959494,468371951.48959494,0,3.7469756119167608,3.7469756119167608,,,,,,,,,,,,,,,,,,,,,,,,,,,,,,,,,,,,,,,
TRUE,0,1.22,0.9244,0.0756,0,93.72069055999997,0.019070258549001056,234301.7263999999,29.94,468338579.0340342,468338549.0940342,2.3952e-07,3.7467086322722736,3.7467083927522737,,,,,,,,,,,,,,,,,,,,,,,,,,,,,,,,,,,,,,,
FALSE,0,1.24,0.924824,0.075176,0,93.77385855999994,0.018761764618399762,234434.64639999988,0,469073159.1551831,469073159.1551831,0,3.7525852732414653,3.7525852732414653,,,,,,,,,,,,,,,,,,,,,,,,,,,,,,,,,,,,,,,
TRUE,0,1.24,0.924664,0.07533600000000001,0,93.76916991999995,0.01879116755633937,234422.92479999986,33.16,469008084.9535734,469008051.7935734,2.6527999999999995e-07,3.752064679628587,3.7520644143485873,,,,,,,,,,,,,,,,,,,,,,,,,,,,,,,,,,,,,,,
FALSE,0,1.26,0.9252720000000001,0.07472800000000002,0,93.82736847999996,0.018424747415367267,234568.4211999999,0,469816015.14391464,469816015.14391464,0,3.7585281211513175,3.7585281211513175,,,,,,,,,,,,,,,,,,,,,,,,,,,,,,,,,,,,,,,
TRUE,0,1.26,0.925296,0.07470400000000002,0,93.82804527999996,0.018419786121272933,234570.1131999999,33.14,469825394.19274026,469825361.0527403,2.6512000000000003e-07,3.758603153541922,3.7586028884219225,,,,,,,,,,,,,,,,,,,,,,,,,,,,,,,,,,,,,,,
FALSE,0,1.28,0.9250080000000002,0.07499199999999999,0,93.85836255999995,0.018268877246052227,234645.90639999986,0,470267682.7311895,470267682.7311895,0,3.7621414618495157,3.7621414618495157,,,,,,,,,,,,,,,,,,,,,,,,,,,,,,,,,,,,,,,
TRUE,0,1.28,0.924936,0.075064,0,93.85633503999996,0.01828490275098086,234640.8375999999,35.86,470239502.32475924,470239466.46475923,2.8688000000000004e-07,3.7619160185980745,3.7619157317180747,,,,,,,,,,,,,,,,,,,,,,,,,,,,,,,,,,,,,,,
FALSE,0,1.3,0.925048,0.07495200000000002,0,93.90065599999997,0.018024996620457086,234751.63999999993,0,470840117.3840146,470840117.3840146,0,3.7667209390721172,3.7667209390721172,,,,,,,,,,,,,,,,,,,,,,,,,,,,,,,,,,,,,,,
TRUE,0,1.3,0.9250400000000001,0.07496,0,93.90039199999997,0.0180284582607556,234750.97999999992,36.64,470836073.3879992,470836036.7479992,2.9312e-07,3.766688587103994,3.766688293983994,,,,,,,,,,,,,,,,,,,,,,,,,,,,,,,,,,,,,,,
FALSE,0,1.32,0.9248799999999998,0.07511999999999999,0,93.93510207999998,0.01784707859043176,234837.7551999999,0,471333248.95998496,471333248.95998496,0,3.7706659916798797,3.7706659916798797,,,,,,,,,,,,,,,,,,,,,,,,,,,,,,,,,,,,,,,
TRUE,0,1.32,0.9250799999999999,0.07491999999999999,0,93.94110559999996,0.01779850634060407,234852.76399999988,37.16,471410128.52161825,471410091.3616183,2.9728e-07,3.7712810281729463,3.7712807308929466,,,,,,,,,,,,,,,,,,,,,,,,,,,,,,,,,,,,,,,
TRUE,0,1.34,0.40255199999999997,0.5974480000000001,0,75.98123844041277,0.04685774397086896,189953.09610103193,1824.78,228759012.56039992,228757187.78039992,1.459824e-05,1.8300721004831997,1.8300575022431993,,,,,,,,,,,,,,,,,,,,,,,,,,,,,,,,,,,,,,,
FALSE,0,1.34,0.40413599999999994,0.5958640000000002,0,76.083933036967,0.04643086186947575,190209.83259241746,0,228800776.61600003,228800776.61600003,0,1.830406213,1.830406213,,,,,,,,,,,,,,,,,,,,,,,,,,,,,,,,,,,,,,,
FALSE,0,1.36,0.40256000000000003,0.59744,0,76.14432476384434,0.04643982384469722,190360.8119096108,0,229735238.7791999,229735238.7791999,0,1.8378819102335993,1.8378819102335993,,,,,,,,,,,,,,,,,,,,,,,,,,,,,,,,,,,,,,,
TRUE,0,1.36,0.395936,0.6040639999999999,0,75.93291554053441,0.04704572907714283,189832.28885133605,1925.98,229739225.67039964,229737299.69039962,1.540784e-05,1.8379138053631974,1.8378983975231973,,,,,,,,,,,,,,,,,,,,,,,,,,,,,,,,,,,,,,,
FALSE,0,1.38,0.396032,0.603968,0,76.16314341633505,0.046659666009559564,190407.85854083762,0,230660166.4896002,230660166.4896002,0,1.8452813319168015,1.8452813319168015,,,,,,,,,,,,,,,,,,,,,,,,,,,,,,,,,,,,,,,
TRUE,0,1.38,0.3986640000000001,0.601336,0,76.10673753444473,0.04651283142232582,190266.8438361118,1876.46,230679079.30639988,230677202.84639987,1.501168e-05,1.845432634451199,1.8454176227711991,,,,,,,,,,,,,,,,,,,,,,,,,,,,,,,,,,,,,,,
FALSE,0,1.4,0.398544,0.601456,0,76.21206393090183,0.04670418585229215,190530.15982725457,0,231641667.93599984,231641667.93599984,0,1.8531333434879989,1.8531333434879989,,,,,,,,,,,,,,,,,,,,,,,,,,,,,,,,,,,,,,,
TRUE,0,1.4,0.39664,0.60336,0,76.16260737593657,0.046872222068360926,190406.51843984146,1948.88,231658231.82399997,231656282.94399998,1.5591039999999996e-05,1.8532658545919996,1.8532502635519996,,,,,,,,,,,,,,,,,,,,,,,,,,,,,,,,,,,,,,,
FALSE,0,1.42,0.391488,0.6085119999999999,0,76.26672344877335,0.046268363184397095,190666.8086219334,0,232598827.50400048,232598827.50400048,0,1.8607906200320041,1.8607906200320041,,,,,,,,,,,,,,,,,,,,,,,,,,,,,,,,,,,,,,,
TRUE,0,1.42,0.39636000000000005,0.60364,0,76.16785380965072,0.04694564110660554,190419.63452412677,2021.5,232580794.59239975,232578773.09239975,1.6171999999999997e-05,1.8606463567391982,1.8606301847391977,,,,,,,,,,,,,,,,,,,,,,,,,,,,,,,,,,,,,,,
FALSE,0,1.44,0.39665599999999995,0.6033440000000001,0,76.42050816205727,0.04666735678264697,191051.27040514315,0,233584579.5567997,233584579.5567997,0,1.8686766364543979,1.8686766364543979,,,,,,,,,,,,,,,,,,,,,,,,,,,,,,,,,,,,,,,
TRUE,0,1.44,0.39654399999999995,0.603456,0,76.34571716592687,0.04663130333334906,190864.2929148172,2001.52,233566263.03359994,233564261.51359993,1.6012160000000003e-05,1.8685301042687994,1.8685140921087995,,,,,,,,,,,,,,,,,,,,,,,,,,,,,,,,,,,,,,,
FALSE,0,1.46,0.39855199999999996,0.601448,0,76.41723185445495,0.04716028972278061,191043.0796361374,0,234596723.0336001,234596723.0336001,0,1.8767737842688006,1.8767737842688006,,,,,,,,,,,,,,,,,,,,,,,,,,,,,,,,,,,,,,,
TRUE,0,1.46,0.3951200000000001,0.60488,0,76.48443919089539,0.04684627088024085,191211.09797723847,1932.92,234555905.41160008,234553972.49160007,1.5463360000000002e-05,1.8764472432928005,1.876431779932801,,,,,,,,,,,,,,,,,,,,,,,,,,,,,,,,,,,,,,,
FALSE,0,1.48,0.38974400000000003,0.610256,0,76.43063742533634,0.04696882817704183,191076.59356334087,0,235558533.64479983,235558533.64479983,0,1.8844682691583987,1.8844682691583987,,,,,,,,,,,,,,,,,,,,,,,,,,,,,,,,,,,,,,,
TRUE,0,1.48,0.391328,0.608672,0,76.48548198814638,0.047291001502457644,191213.70497036594,2077.74,235552898.9576001,235550821.2176001,1.662192e-05,1.8844231916608003,1.8844065697408008,,,,,,,,,,,,,,,,,,,,,,,,,,,,,,,,,,,,,,,
FALSE,0,1.5,0.331064,0.668936,0,70.91288456789262,0.08632599522530476,177282.21141973152,0,199673869.2,199673869.2,0,1.5973909534400006,1.5973909534400006,,,,,,,,,,,,,,,,,,,,,,,,,,,,,,,,,,,,,,,
TRUE,0,1.5,0.33268000000000003,0.6645359999999999,0.002784,71.04156110911737,0.08356940736705724,177603.90277279343,507675.36,199757028.5,199249353.1,0.004061403,1.5980562275999999,1.593994825,,,,,,,,,,,,,,,,,,,,,,,,,,,,,,,,,,,,,,,
FALSE,0,1.52,0.292864,0.707136,0,49.65835495795262,0.3208076675983623,124145.88739488153,0,172821036.6048002,172821036.6048002,0,1.3825682928384015,1.3825682928384015,,,,,,,,,,,,,,,,,,,,,,,,,,,,,,,,,,,,,,,
TRUE,0,1.52,0.312016,0.612128,0.075856,69.02889665504928,0.10717056773960223,172572.24163762323,10282224.66,187896435.5,177614210.86319995,0.08225779727999999,1.5031714841855999,1.4209136869055998,,,,,,,,,,,,,,,,,,,,,,,,,,,,,,,,,,,,,,,
FALSE,0,1.54,0.29228000000000004,0.70772,0,48.15852640875999,0.33521951983745035,120396.31602189995,0,172657340.31599984,172657340.31599984,0,1.3812587225279984,1.3812587225279984,,,,,,,,,,,,,,,,,,,,,,,,,,,,,,,,,,,,,,,
TRUE,0,1.54,0.32116799999999995,0.600112,0.07872000000000001,69.56642431757506,0.10437950073064671,173916.06079393768,10582677.58,188238474.01999995,177655796.4,0.08466142064000001,1.505907792,1.4212463715199999,,,,,,,,,,,,,,,,,,,,,,,,,,,,,,,,,,,,,,,
FALSE,0,1.56,0.286864,0.713136,0,49.63471702287347,0.32441080044765014,124086.79255718364,0,172530549.7855999,172530549.7855999,0,1.3802443982847992,1.3802443982847992,,,,,,,,,,,,,,,,,,,,,,,,,,,,,,,,,,,,,,,
TRUE,0,1.56,0.31927199999999994,0.592608,0.08811999999999999,69.33232181400034,0.1051693245017297,173330.80453500085,10858311.88,188742270.74319977,177883958.86319977,0.086866495,1.5099381659455986,1.4230716709055984,,,,,,,,,,,,,,,,,,,,,,,,,,,,,,,,,,,,,,,
FALSE,0,1.58,0.285656,0.7143440000000001,0,48.52098604663918,0.33259152106711326,121302.46511659797,0,172282701.5088001,172282701.5088001,0,1.3782616120704008,1.3782616120704008,,,,,,,,,,,,,,,,,,,,,,,,,,,,,,,,,,,,,,,
TRUE,0,1.58,0.329544,0.5868720000000001,0.08358399999999999,69.92609914287318,0.10314101704838369,174815.24785718299,11072617.52,189284106.99480027,178211489.47480023,0.08858094016000001,1.514272855958402,1.425691915798402,,,,,,,,,,,,,,,,,,,,,,,,,,,,,,,,,,,,,,,
FALSE,0,1.6,0.27180800000000005,0.7281919999999998,0,45.27222290736315,0.3657948856515763,113180.55726840785,0,172264360.2639999,172264360.2639999,0,1.378114882111999,1.378114882111999,,,,,,,,,,,,,,,,,,,,,,,,,,,,,,,,,,,,,,,
TRUE,0,1.6,0.320888,0.595632,0.08347999999999998,69.99653719891803,0.10145698247556795,174991.34299729503,11409589.34,189698604.92800015,178289015.58800012,0.09127671472000001,1.5175888394240011,1.4263121247040007,,,,,,,,,,,,,,,,,,,,,,,,,,,,,,,,,,,,,,,
FALSE,0,1.62,0.288336,0.7116640000000001,0,44.93922700242473,0.368737790862199,112348.06750606182,0,172023945.45440018,172023945.45440018,0,1.3761915636352011,1.3761915636352011,,,,,,,,,,,,,,,,,,,,,,,,,,,,,,,,,,,,,,,
TRUE,0,1.62,0.322896,0.578048,0.09905599999999998,70.2984069589245,0.09872169864596841,175746.01739731125,11713592.1,190100715.0687997,178387122.96879974,0.09370873680000001,1.520805720550398,1.4270969837503982,,,,,,,,,,,,,,,,,,,,,,,,,,,,,,,,,,,,,,,
TRUE,0,1.64,0.306008,0.5871759999999999,0.106816,70.3223749329694,0.09712884133848144,175805.93733242352,11887847.72,190836284.75279987,178948437.03279987,0.095102782,1.526690278022399,1.431587496262399,,,,,,,,,,,,,,,,,,,,,,,,,,,,,,,,,,,,,,,
FALSE,0,1.64,0.277904,0.722096,0,42.77373153521634,0.39401792123658297,106934.32883804085,0,171982346.33600014,171982346.33600014,0,1.3758587706880012,1.3758587706880012,,,,,,,,,,,,,,,,,,,,,,,,,,,,,,,,,,,,,,,
TRUE,0,1.66,0.313824,0.5988399999999999,0.08733600000000001,70.05630727300498,0.10377965717130866,175140.7681825124,12129496.06,191423042.3492004,179293546.2892004,0.097035968,1.531384338793603,1.434348370313603,,,,,,,,,,,,,,,,,,,,,,,,,,,,,,,,,,,,,,,
FALSE,0,1.66,0.268432,0.731568,0,46.32531363671595,0.3588270031455575,115813.28409178987,0,171750530.46399993,171750530.46399993,0,1.3740042437119993,1.3740042437119993,,,,,,,,,,,,,,,,,,,,,,,,,,,,,,,,,,,,,,,
FALSE,0,1.68,0.27480000000000004,0.7252,0,44.606126714115675,0.37597682078436484,111515.31678528916,0,171527403.63040003,171527403.63040003,0,1.3722192290432003,1.3722192290432003,,,,,,,,,,,,,,,,,,,,,,,,,,,,,,,,,,,,,,,
TRUE,0,1.68,0.315472,0.57376,0.110768,70.28661220277009,0.10024954364501663,175716.53050692522,12385414.74,191950446.4800001,179565031.74000013,0.09908331791999998,1.5356035718400007,1.436520253920001,,,,,,,,,,,,,,,,,,,,,,,,,,,,,,,,,,,,,,,
FALSE,0,1.7,0.272328,0.727672,0,43.89299487029821,0.3805890648915543,109732.48717574551,0,171340713.37599993,171340713.37599993,0,1.3707257070079992,1.3707257070079992,,,,,,,,,,,,,,,,,,,,,,,,,,,,,,,,,,,,,,,
TRUE,0,1.7,0.32280000000000003,0.5741919999999999,0.10300799999999999,70.0168280840217,0.10454739337475705,175042.07021005425,12633229.7,192412711.3,179779481.6,0.10106583760000001,1.53930169,1.4382358525600005,,,,,,,,,,,,,,,,,,,,,,,,,,,,,,,,,,,,,,,
FALSE,0,1.72,0.28059200000000006,0.7194079999999998,0,41.31591039763177,0.40869239060352336,103289.7759940794,0,171205203.14559972,171205203.14559972,0,1.3696416251647974,1.3696416251647974,,,,,,,,,,,,,,,,,,,,,,,,,,,,,,,,,,,,,,,
TRUE,0,1.72,0.30925600000000003,0.586376,0.104368,70.1463591392906,0.10172087883440697,175365.8978482265,12821445.28,193106334.8583998,180284889.5783998,0.10257156224000001,1.544850678867198,1.4422791166271987,,,,,,,,,,,,,,,,,,,,,,,,,,,,,,,,,,,,,,,
FALSE,0,1.74,0.27060799999999996,0.7293919999999998,0,42.13824358108022,0.395219118281175,105345.60895270055,0,171145320.6015999,171145320.6015999,0,1.369162564812799,1.369162564812799,,,,,,,,,,,,,,,,,,,,,,,,,,,,,,,,,,,,,,,
TRUE,0,1.74,0.305352,0.5791759999999999,0.11547199999999998,70.20413080201662,0.10195212373831873,175510.3270050416,13146192.7,193412746.56320024,180266553.86320022,0.10516954160000001,1.5473019725056019,1.4421324309056018,,,,,,,,,,,,,,,,,,,,,,,,,,,,,,,,,,,,,,,
FALSE,0,1.76,0.271264,0.7287359999999998,0,40.78560126971316,0.41169157494044745,101964.0031742829,0,170853934.41919982,170853934.41919982,0,1.3668314753535986,1.3668314753535986,,,,,,,,,,,,,,,,,,,,,,,,,,,,,,,,,,,,,,,
TRUE,0,1.76,0.31531200000000004,0.5651600000000001,0.119528,70.74659506502113,0.0981466038858016,176866.48766255277,13302194.94,194273926.9103998,180971731.97039977,0.10641755952000001,1.5541914152831984,1.4477738557631985,,,,,,,,,,,,,,,,,,,,,,,,,,,,,,,,,,,,,,,
FALSE,0,1.78,0.26404000000000005,0.7359600000000001,0,36.124967860030424,0.4484922072058699,90312.41965007607,0,170708059.06479988,170708059.06479988,0,1.3656644725183988,1.3656644725183988,,,,,,,,,,,,,,,,,,,,,,,,,,,,,,,,,,,,,,,
TRUE,0,1.78,0.316664,0.571064,0.112272,70.88453806504302,0.09710232023937833,177211.34516260758,13591474.24,194727569.9,181136095.69959998,0.10873179391999999,1.5578205595168004,1.4490887655968003,,,,,,,,,,,,,,,,,,,,,,,,,,,,,,,,,,,,,,,
FALSE,0,1.8,0.25804,0.7419600000000002,0,38.211238747228556,0.4323192913840313,95528.09686807138,0,170816725.43999988,170816725.43999988,0,1.3665338035199988,1.3665338035199988,,,,,,,,,,,,,,,,,,,,,,,,,,,,,,,,,,,,,,,
TRUE,0,1.8,0.32459999999999994,0.5629279999999999,0.11247200000000002,71.53111789048286,0.09437313741171696,178827.79472620715,13767684.74,195355337.1480003,181587652.4080003,0.110141478,1.562842697184002,1.452701219264002,,,,,,,,,,,,,,,,,,,,,,,,,,,,,,,,,,,,,,,
FALSE,0,1.82,0.257432,0.742568,0,36.88167846483323,0.4485476341836387,92204.19616208307,0,170285633.46640003,170285633.46640003,0,1.3622850677312004,1.3622850677312004,,,,,,,,,,,,,,,,,,,,,,,,,,,,,,,,,,,,,,,
TRUE,0,1.82,0.30847199999999997,0.5756960000000001,0.11583199999999999,70.74414019992379,0.09922851504440765,176860.35049980946,14005686.26,195947720.02640003,181942033.76640004,0.11204549007999999,1.5675817602112003,1.4555362701312005,,,,,,,,,,,,,,,,,,,,,,,,,,,,,,,,,,,,,,,
TRUE,0,1.84,0.31279999999999997,0.5754319999999999,0.11176800000000002,71.62226913456715,0.09334851316554817,179055.67283641786,14231853.88,196551011.25120008,182319157.37120005,0.113854831,1.5724080900096,1.4585532589696002,,,,,,,,,,,,,,,,,,,,,,,,,,,,,,,,,,,,,,,
FALSE,0,1.84,0.25997600000000004,0.7400240000000002,0,36.34201986910554,0.4481392368053372,90855.04967276385,0,170412305.8496002,170412305.8496002,0,1.3632984467968017,1.3632984467968017,,,,,,,,,,,,,,,,,,,,,,,,,,,,,,,,,,,,,,,
FALSE,0,1.86,0.251384,0.7486160000000001,0,33.851916979093616,0.4644439174999443,84629.79244773404,0,170074236.1751998,170074236.1751998,0,1.3605938894015983,1.3605938894015983,,,,,,,,,,,,,,,,,,,,,,,,,,,,,,,,,,,,,,,
TRUE,0,1.86,0.311904,0.5712240000000001,0.116872,71.55352159925192,0.09510285563866494,178883.8039981298,14428710.04,197212457.41199955,182783747.37199956,0.11542968,1.5776996592959966,1.4622699789759963,,,,,,,,,,,,,,,,,,,,,,,,,,,,,,,,,,,,,,,
FALSE,0,1.88,0.25148000000000004,0.7485199999999999,0,-164.6753328,0.4416815543147171,-411688.332,0,169190352.84479994,169190352.84479994,0,1.3535228227583997,1.3535228227583997,,,,,,,,,,,,,,,,,,,,,,,,,,,,,,,,,,,,,,,
TRUE,0,1.88,0.314552,0.5728399999999999,0.112608,72.04025151736454,0.0920480203286143,180100.62879341136,14637391.52,197787389.60639992,183149998.0863999,0.11709913216000002,1.5822991168511993,1.4651999846911992,,,,,,,,,,,,,,,,,,,,,,,,,,,,,,,,,,,,,,,
FALSE,0,1.9,0.25239999999999996,0.7476,0,33.26241826742362,0.47691589189646627,83156.04566855905,0,169785558,169785558,0,1.3582844636479998,1.3582844636479998,,,,,,,,,,,,,,,,,,,,,,,,,,,,,,,,,,,,,,,
TRUE,0,1.9,0.309008,0.565296,0.12569600000000003,71.84035767632338,0.0925208632121769,179600.89419080847,14869453.74,198393475.4360001,183524021.6960001,0.11895563,1.587147803488001,1.468192173568001,,,,,,,,,,,,,,,,,,,,,,,,,,,,,,,,,,,,,,,
FALSE,0,1.92,0.2498,0.7502,0,-167.9623582,0.47051536723440457,-419905.8955,0,168766918.58720025,168766918.58720025,0,1.350135348697602,1.350135348697602,,,,,,,,,,,,,,,,,,,,,,,,,,,,,,,,,,,,,,,
TRUE,0,1.92,0.30628,0.560736,0.13298400000000002,71.90965274380878,0.09032096842831545,179774.13185952193,15050762.44,199010161.5103999,183959399.07039988,0.12040609951999999,1.5920812920831993,1.471675192563199,,,,,,,,,,,,,,,,,,,,,,,,,,,,,,,,,,,,,,,
FALSE,0,1.94,0.254016,0.7459839999999999,0,32.87022020307647,0.4675238063092668,82175.55050769118,0,169850629.49280015,169850629.49280015,0,1.3588050359424018,1.3588050359424018,,,,,,,,,,,,,,,,,,,,,,,,,,,,,,,,,,,,,,,
TRUE,0,1.94,0.297616,0.56672,0.135664,71.70291907639482,0.09394897865111874,179257.29769098706,15265274.36,199725883.74759996,184460609.38759995,0.12212219488000002,1.5978070699807991,1.4756848751007994,,,,,,,,,,,,,,,,,,,,,,,,,,,,,,,,,,,,,,,
TRUE,0,1.96,0.30243200000000003,0.578648,0.11892,72.2967180603918,0.09038147606439444,180741.79515097945,15450440.08,200385665.1984004,184935225.11840042,0.12360352064000002,1.6030853215872034,1.4794818009472035,,,,,,,,,,,,,,,,,,,,,,,,,,,,,,,,,,,,,,,
FALSE,0,1.96,0.2513679999999999,0.748632,0,31.2933675996273,0.48619466269384354,78233.41899906825,0,169340185.44959992,169340185.44959992,0,1.3547214835967996,1.3547214835967996,,,,,,,,,,,,,,,,,,,,,,,,,,,,,,,,,,,,,,,
FALSE,0,1.98,0.255032,0.744968,0,25.37233358083558,0.5140130015223727,63430.83395208895,0,169156654.7056002,169156654.7056002,0,1.3532532376448017,1.3532532376448017,,,,,,,,,,,,,,,,,,,,,,,,,,,,,,,,,,,,,,,
TRUE,0,1.98,0.30711999999999995,0.561856,0.131024,72.44484566165764,0.08897683392428916,181112.11415414407,15673691.96,201048874.4204001,185375182.46040013,0.125389536,1.608390995363201,1.4830014596832009,,,,,,,,,,,,,,,,,,,,,,,,,,,,,,,,,,,,,,,
FALSE,0,2,0,1,0,-10000,0,-25000000,0,23366.36,23366.36,0,0.000186931,0.000186931,,,,,,,,,,,,,,,,,,,,,,,,,,,,,,,,,,,,,,,
TRUE,0,2,0,0,1,4.400568,0.5737232458311441,11001.42,124962291.4,23110.36,-124939181,0.999698331,0.00018488288000000002,-0.999513448,,,,,,,,,,,,,,,,,,,,,,,,,,,,,,,,,,,,,,,
