t,frac_C,frac_D,frac_L,avg_res,gini,cum_sigma_hat,cum_output_hat,per_sigma,per_output,per_net,cum_net_hat
0,0.5,0.5,0.0,10.0,0.0,0.0,0.0,0.0,0.0,0.0,0.0
250,0.7472,0.2524,0.0004,89.17780686688805,0.046027054607599094,0.0011056,3.2172512,1.0,8183.2,8182.2,3.2161456000000004
500,0.742,0.2572,0.0008,89.00805391190296,0.047206723864380365,0.0008248,3.2421382400000027,1.0,8131.199999999999,8130.199999999999,3.241313440000003
750,0.7424,0.2572,0.0004,89.01226849750898,0.04744657160251743,0.0008245333333333333,3.246722133333334,1.0,8156.799999999999,8155.799999999999,3.2458976000000006
1000,0.7452,0.2544,0.0004,89.09242892431604,0.04660773025124534,0.000792,3.2501803200000046,1.0,8176.8,8175.8,3.2493883200000044
1250,0.7412,0.258,0.0008,89.0800487930807,0.04675391360348307,0.00076,3.252736640000003,1.0,8155.599999999999,8154.599999999999,3.251976640000003
1500,0.746,0.2532,0.0008,89.10038763667453,0.04670397400878006,0.0007418666666666666,3.254518080000005,3.0,8170.4,8167.4,3.253776213333338
1750,0.7468,0.2524,0.0008,89.09854384549796,0.04681000422754552,0.0007268571428571428,3.2563808000000054,1.0,8180.0,8179.0,3.2556539428571485
2000,0.746,0.2536,0.0004,89.03488114321897,0.04752621120087466,0.0007288,3.257432800000008,2.0,8168.8,8166.8,3.256704000000008
2250,0.7468,0.2524,0.0008,89.00848820364263,0.04786115965001748,0.0007424,3.2581261511111186,1.0,8164.0,8163.0,3.2573837511111186
2500,0.7424,0.2568,0.0008,89.0179357364036,0.047719894511268235,0.00075952,3.2587435520000065,4.0,8141.199999999999,8137.199999999999,3.2579840320000066
2750,0.746,0.2532,0.0008,89.07020225804534,0.047096159583180246,0.0007624727272727273,3.2592540509090977,3.0,8167.6,8164.6,3.258491578181825
3000,0.7452,0.2544,0.0004,89.0566292918331,0.04726243283680682,0.0007629333333333333,3.2596865066666747,3.0,8150.4,8147.4,3.2589235733333415
3250,0.7452,0.254,0.0008,89.04091253542045,0.047464026815842476,0.0007603692307692308,3.2600167384615504,1.0,8158.4,8157.4,3.259256369230781
3500,0.7464,0.2532,0.0004,89.07525949196354,0.04719719280635229,0.0007686857142857143,3.2603507200000093,2.0,8159.6,8157.6,3.2595820342857236
3750,0.7484,0.2508,0.0008,89.17842257610921,0.046443589181635374,0.00076384,3.2607238826666745,0.0,8178.0,8178.0,3.2599600426666746
4000,0.748,0.2508,0.0012,89.15896355480771,0.04661847432987816,0.0007583,3.261374120000007,2.0,8164.8,8162.8,3.260615820000007
4250,0.748,0.2512,0.0008,89.14911794837519,0.04671040744979478,0.0007520941176470588,3.2619678117647113,2.0,8166.0,8164.0,3.2612157176470644
4500,0.7496,0.2504,0.0,89.16562105273802,0.04656012532739817,0.0007462222222222222,3.2624835555555505,2.0,8159.6,8157.6,3.261737333333328
4750,0.7488,0.2508,0.0004,89.15971280841083,0.04660057494977443,0.0007408,3.262983477894733,2.0,8178.0,8176.0,3.262242677894733
5000,0.7484,0.2508,0.0008,89.16256488611491,0.04656789691390756,0.0007356,3.263403583999996,3.0,8169.999999999999,8166.999999999999,3.262667983999996
5250,0.7468,0.252,0.0012,89.15626949657695,0.0466228403936345,0.0007318857142857143,3.2637596952380883,2.0,8168.799999999999,8166.799999999999,3.263027809523803
5500,0.7468,0.252,0.0012,89.15534991276397,0.04664334434956619,0.0007296,3.2641255272727214,0.0,8176.799999999999,8176.799999999999,3.2633959272727213
5750,0.7468,0.252,0.0012,89.1616667932441,0.046600346687393,0.0007266086956521739,3.2644379826086873,1.0,8176.4,8175.4,3.263711373913035
6000,0.7484,0.2512,0.0004,89.16824169301023,0.0465342161081954,0.0007237333333333333,3.2647172266666566,1.0,8192.4,8191.4,3.2639934933333232
6250,0.748,0.2508,0.0012,89.16241664729367,0.04655568354007241,0.000721472,3.265003980799997,2.0,8170.0,8168.0,3.264282508799997
6500,0.7472,0.252,0.0008,89.1714155162397,0.04649155688034137,0.0007186461538461539,3.2652620307692266,3.0,8192.4,8189.4,3.2645433846153806
6750,0.7496,0.2504,0.0,89.1843420920742,0.04640359583887695,0.0007182814814814815,3.2654906311111067,2.0,8190.0,8188.0,3.264772349629625
7000,0.7472,0.2516,0.0012,89.06792676631423,0.04730975022631043,0.0007197142857142858,3.265527679999995,2.0,8160.400000000001,8158.400000000001,3.264807965714281
7250,0.7452,0.2536,0.0012,89.0875488100273,0.04711720514779491,0.0007257379310344828,3.265533131034475,2.0,8173.599999999999,8171.599999999999,3.2648073931034403
7500,0.7464,0.252,0.0016,89.10005391622697,0.04702986310455137,0.0007330666666666666,3.2655370239999906,1.0,8174.799999999999,8173.799999999999,3.264803957333324
7750,0.7452,0.254,0.0008,89.0641097865959,0.0473401134464063,0.0007363612903225807,3.2655477470967598,3.0,8162.799999999999,8159.799999999999,3.264811385806437
8000,0.7448,0.2544,0.0008,89.09489336410519,0.047084038091151754,0.00074155,3.2655540799999834,3.0,8169.6,8166.6,3.2648125299999835
8250,0.746,0.2536,0.0004,89.10615377886236,0.0469883227149954,0.0007458909090909091,3.265570075151492,3.0,8184.0,8181.0,3.264824184242401
8500,0.7456,0.2524,0.002,89.07878171896154,0.04718282957784547,0.0007499764705882353,3.2655872752940893,2.0,8143.2,8141.2,3.264837298823501
8750,0.7456,0.254,0.0004,89.09405292898214,0.04707086799782013,0.0007537828571428572,3.2655964525713954,2.0,8159.200000000001,8157.200000000001,3.2648426697142527
9000,0.7468,0.2524,0.0008,89.084562063741,0.0471708675031835,0.0007569777777777778,3.265601351111067,2.0,8161.6,8159.6,3.2648443733332893
9250,0.7456,0.2532,0.0012,89.08173285875131,0.047196838602536234,0.0007613405405405405,3.2656126962161656,2.0,8173.6,8171.6,3.264851355675625
9500,0.7472,0.2516,0.0012,89.08654792226439,0.04715482276088471,0.0007656842105263158,3.265628345263104,1.0,8169.599999999999,8168.599999999999,3.264862661052578
9750,0.7444,0.254,0.0016,89.08664454931998,0.04712998032429053,0.0007683282051282051,3.2656415671794248,2.0,8157.6,8155.6,3.264873238974297
10000,0.7468,0.2524,0.0008,89.08161209218085,0.047174509786142106,0.00077136,3.26565172799993,2.0,8151.200000000001,8149.200000000001,3.2648803679999303
10250,0.746,0.2528,0.0012,89.09017048066983,0.04710174811670207,0.0007757658536585366,3.2656511219511435,2.0,8166.800000000001,8164.800000000001,3.264875356097485
10500,0.7464,0.2524,0.0012,89.10831793330969,0.04694120710286944,0.0007794285714285714,3.265662887618967,2.0,8181.200000000001,8179.200000000001,3.2648834590475384
10750,0.7464,0.2524,0.0012,89.08416769611854,0.047164556713664124,0.0007823627906976744,3.265669224185963,1.0,8174.799999999999,8173.799999999999,3.2648868613952655
11000,0.7444,0.2544,0.0012,89.07261849546379,0.04724712995889904,0.0007865818181818182,3.2656790399999167,1.0,8170.799999999999,8169.799999999999,3.264892458181735
11250,0.7468,0.252,0.0012,89.08793288319696,0.04712061653240759,0.0007887644444444444,3.265690766222136,2.0,8162.8,8160.8,3.264902001777692
11500,0.7476,0.2516,0.0008,89.07788884253435,0.04724916495795353,0.0007922434782608696,3.265697906086863,3.0,8162.799999999999,8159.799999999999,3.2649056626086024
11750,0.7452,0.2532,0.0016,89.09432691085385,0.04706157934249303,0.0007940425531914894,3.265696762553091,2.0,8168.0,8166.0,3.2649027199999
12000,0.7472,0.252,0.0008,89.0924849550307,0.04709020492808468,0.0007961666666666667,3.2657035599998983,2.0,8161.6,8159.6,3.2649073933332313
12250,0.746,0.254,0.0,89.11664956225061,0.047007868877336864,0.0007980081632653061,3.2657177077549977,2.0,8164.4,8162.4,3.2649196995917324
12500,0.7464,0.2528,0.0008,89.11189480799426,0.0470590590131804,0.000796384,3.2657646719998987,3.0,8161.599999999999,8158.599999999999,3.264968287999899
12750,0.7472,0.2528,0.0,89.10970419746239,0.04709086551836138,0.0007956392156862745,3.2658166588234283,3.0,8180.0,8177.0,3.265021019607742
13000,0.7484,0.2504,0.0012,89.10432502382767,0.047162938353453,0.0007952615384615385,3.265868873846054,2.0,8185.200000000001,8183.200000000001,3.2650736123075927
13250,0.748,0.2516,0.0004,89.09349863155624,0.047197157530880496,0.0007952603773584906,3.265917029433868,3.0,8153.599999999999,8150.599999999999,3.2651217690565097
13500,0.7468,0.2532,0.0,89.10628417202759,0.04711788911680846,0.0007935703703703704,3.2659792474073184,3.0,8182.799999999999,8179.799999999999,3.265185677036948
13750,0.7472,0.2512,0.0016,89.10013016171465,0.047178019575510946,0.0007931927272727272,3.26601921163628,1.0,8147.199999999999,8146.199999999999,3.2652260189090074
14000,0.7468,0.2524,0.0008,89.12783237110885,0.046936678220980174,0.0007932857142857143,3.266066559999917,2.0,8177.599999999999,8175.599999999999,3.265273274285631
14250,0.744,0.2548,0.0012,89.11941050406091,0.04700931583524007,0.0007927017543859649,3.2661140996490428,2.0,8176.4,8174.4,3.265321397894657
14500,0.7456,0.2532,0.0012,89.11434474983649,0.04704356590258766,0.0007918896551724138,3.266152154482682,3.0,8161.6,8158.6,3.2653602648275095
14750,0.7476,0.2512,0.0012,89.10830544902863,0.04709135135419109,0.0007917559322033898,3.266191425084672,1.0,8174.799999999999,8173.799999999999,3.265399669152469
15000,0.7464,0.2524,0.0012,89.1066530127601,0.047093413094778734,0.00079232,3.2662312746665907,0.0,8168.4,8168.4,3.2654389546665907
15250,0.7488,0.2504,0.0008,89.11617710623555,0.0470117183002812,0.0007920524590163935,3.2662695763933662,2.0,8167.2,8165.2,3.26547752393435
15500,0.748,0.2512,0.0008,89.1115994644199,0.04705365565202211,0.0007913806451612903,3.26630596129025,1.0,8175.2,8174.2,3.265514580645089
15750,0.7464,0.2528,0.0008,89.11155235512909,0.04707294647348209,0.0007905777777777778,3.2663394742856426,1.0,8167.199999999999,8166.199999999999,3.2655488965078647
16000,0.746,0.2536,0.0004,89.1158224450502,0.04702552864450147,0.000790275,3.26637075999993,3.0,8170.799999999999,8167.799999999999,3.26558048499993
16250,0.7456,0.2528,0.0016,89.12064402195517,0.04698188858566898,0.0007902769230769231,3.26640268799993,2.0,8177.599999999999,8175.599999999999,3.265612411076853
16500,0.7464,0.2524,0.0012,89.11608143119399,0.04703440652032626,0.0007894545454545454,3.26643428848478,1.0,8173.599999999999,8172.599999999999,3.2656448339393256
16750,0.7448,0.2544,0.0008,89.1106483057159,0.04705999244417878,0.0007896835820895522,3.2664674005969445,2.0,8169.599999999999,8167.599999999999,3.265677717014855
17000,0.7472,0.2516,0.0012,89.11082724902838,0.04705545592194635,0.0007901411764705882,3.2664946070587493,3.0,8174.400000000001,8171.400000000001,3.265704465882279
17250,0.7476,0.252,0.0004,89.11788266765699,0.04700306701454184,0.0007900985507246377,3.2665184742028304,2.0,8175.200000000001,8173.200000000001,3.265728375652106
17500,0.748,0.2516,0.0004,89.09411735828431,0.047227227744174295,0.0007898514285714286,3.26654325028565,4.0,8147.200000000001,8143.200000000001,3.2657533988570786
17750,0.7472,0.252,0.0008,89.12338151453888,0.046974432493142475,0.0007890929577464788,3.266570564506981,2.0,8194.8,8192.8,3.2657814715492344
18000,0.746,0.2536,0.0004,89.11735408119995,0.047014995172118865,0.0007888,3.2665988977777216,3.0,8169.5999999999985,8166.5999999999985,3.2658100977777216
18250,0.746,0.2528,0.0012,89.10422023575266,0.047113103682744774,0.0007884931506849315,3.266623526575284,1.0,8169.599999999999,8168.599999999999,3.2658350334245987
18500,0.7472,0.2516,0.0012,89.10752391117484,0.04709665418380388,0.0007876324324324324,3.2666507935134512,1.0,8160.4,8159.4,3.265863161081019
18750,0.7456,0.2532,0.0012,89.1250990511662,0.04696200995643773,0.000787456,3.266675908266599,1.0,8172.4,8171.4,3.265888452266599
19000,0.7456,0.254,0.0004,89.10180793016632,0.04713851336036079,0.0007879789473684211,3.2666960757894015,2.0,8161.6,8159.6,3.265908096842033
19250,0.7472,0.252,0.0008,89.11556167695369,0.04705212166272712,0.0007881558441558442,3.2667193932466834,3.0,8169.2,8166.2,3.2659312374025276
19500,0.7468,0.2532,0.0,89.1164483804411,0.04700313010802079,0.000788225641025641,3.2667450174358263,3.0,8165.5999999999985,8162.5999999999985,3.265956791794801
19750,0.7472,0.252,0.0008,89.12052566618271,0.04698687400325217,0.0007880101265822785,3.2667673518986624,1.0,8173.599999999999,8172.599999999999,3.26597934177208
20000,0.746,0.254,0.0,89.10043341518363,0.04714583847457865,0.0007875,3.266788151999929,2.0,8163.200000000001,8161.200000000001,3.266000651999929
20250,0.746,0.2532,0.0008,89.10005599515661,0.04714898175953608,0.0007867851851851851,3.26680629728388,4.0,8149.999999999999,8145.999999999999,3.266019512098695
20500,0.746,0.2532,0.0008,89.12019028311109,0.04697795094762826,0.0007869853658536585,3.26682135414627,2.0,8174.8,8172.8,3.2660343687804163
20750,0.7464,0.2532,0.0004,89.12668374351588,0.04694933212939983,0.0007867180722891566,3.266842062650531,1.0,8173.5999999999985,8172.5999999999985,3.266055344578242
21000,0.7468,0.2532,0.0,89.09859945986366,0.04715769759272211,0.0007866476190476191,3.266862857142789,2.0,8165.6,8163.6,3.2660762095237414
21250,0.7468,0.252,0.0012,89.11094858295236,0.04709258956136548,0.0007866352941176471,3.2668843745881713,0.0,8177.5999999999985,8177.5999999999985,3.266097739294054
21500,0.7484,0.2504,0.0012,89.09748327744838,0.0471921488747296,0.000786213953488372,3.2669007479069134,3.0,8158.799999999999,8155.799999999999,3.266114533953425
21750,0.7472,0.2512,0.0016,89.11396827506191,0.047039495063858856,0.0007867586206896552,3.266918797241315,2.0,8174.800000000001,8172.800000000001,3.2661320386206256
22000,0.7468,0.252,0.0012,89.10036457700332,0.04715264956681641,0.000787509090909091,3.266932821818115,1.0,8177.599999999999,8176.599999999999,3.2661453127272058
22250,0.746,0.2536,0.0004,89.110502351892,0.047063395394149436,0.0007875775280898876,3.2669524278651,3.0,8171.999999999999,8168.999999999999,3.2661648503370104
22500,0.7464,0.2532,0.0004,89.10741472143897,0.047092815204250627,0.0007870577777777778,3.266971797333264,1.0,8185.599999999999,8184.599999999999,3.2661847395554866
22750,0.746,0.2532,0.0008,89.0940950351488,0.047189876262953026,0.0007874285714285714,3.2669859094504865,1.0,8160.4,8159.4,3.266198480879058
23000,0.7456,0.2536,0.0008,89.11048439964584,0.047058797790629214,0.0007865913043478261,3.267003874782541,0.0,8160.4,8160.4,3.266217283478193
23250,0.7472,0.252,0.0008,89.10401568877681,0.0471513045243565,0.0007865806451612903,3.267017971612837,2.0,8151.200000000001,8149.200000000001,3.266231390967676
23500,0.7464,0.2528,0.0008,89.1142928892785,0.04701145437545231,0.0007859234042553191,3.267031210212696,2.0,8172.4,8170.4,3.2662452868084406
23750,0.7472,0.2524,0.0004,89.10983497788457,0.047076856718788904,0.0007854821052631579,3.2670497077894,2.0,8174.8,8172.8,3.2662642256841368
24000,0.7476,0.2516,0.0008,89.10957240619105,0.04707729399170987,0.0007854333333333334,3.2670589133332606,2.0,8165.6,8163.6,3.2662734799999273
24250,0.7476,0.2512,0.0012,89.10055460227893,0.047166628498101555,0.0007852865979381444,3.2670709113401304,3.0,8170.8,8167.8,3.2662856247421925
24500,0.748,0.2516,0.0004,89.10215659701282,0.047146952307277404,0.0007851102040816327,3.2670828277550226,1.0,8160.4,8159.4,3.266297717550941
24750,0.7464,0.2528,0.0008,89.11682847451607,0.047010532184442726,0.0007846464646464646,3.2670971086867895,2.0,8153.6,8151.6,3.2663124622221433
25000,0.7468,0.2524,0.0008,89.11457989011707,0.0470544538354063,0.000785168,3.267111436799926,4.0,8162.799999999999,8158.799999999999,3.2663262687999257
25250,0.7472,0.2524,0.0004,89.12714356843799,0.04694947571918369,0.0007844910891089109,3.2671255889108175,1.0,8202.8,8201.8,3.2663410978217087
25500,0.7476,0.2516,0.0008,89.11413840857351,0.04702003180742652,0.0007838745098039216,3.267138729411695,1.0,8164.4,8163.4,3.2663548549018913
25750,0.7468,0.252,0.0012,89.11291272665227,0.04705266486214638,0.0007835495145631068,3.2671542803882807,2.0,8182.8,8180.8,3.2663707308737178
26000,0.7464,0.2528,0.0008,89.10468987773575,0.04710859271374785,0.0007830923076923077,3.2671655384614695,1.0,8163.199999999999,8162.199999999999,3.2663824461537776
26250,0.7456,0.2544,0.0,89.0960478094982,0.04719003398627737,0.0007823238095238096,3.267178575238024,2.0,8163.200000000001,8161.200000000001,3.2663962514285
26500,0.7464,0.2532,0.0004,89.10105648258669,0.047146706502613656,0.0007821584905660377,3.2671905388678515,3.0,8153.599999999999,8150.599999999999,3.2664083803772854
26750,0.7472,0.252,0.0008,89.11840686498215,0.04699548855122375,0.000781592523364486,3.2672030863550687,2.0,8181.200000000001,8179.200000000001,3.266421493831704
27000,0.7464,0.2524,0.0012,89.11356132139748,0.047045265128074894,0.0007817333333333333,3.267212705185114,1.0,8159.2,8158.2,3.2664309718517806
27250,0.7464,0.2528,0.0008,89.11753693782852,0.046996578994617316,0.0007815779816513762,3.2672224704586426,3.0,8181.2,8178.2,3.266440892476991
27500,0.748,0.2516,0.0004,89.10179257435654,0.04714024683273322,0.0007816581818181818,3.267232040727199,2.0,8172.400000000001,8170.400000000001,3.2664503825453806
27750,0.746,0.2536,0.0004,89.11511560080714,0.04701733785175253,0.0007813045045045045,3.267243295135059,2.0,8190.8,8188.8,3.2664619906305545
28000,0.748,0.2512,0.0008,89.10574151661554,0.04712829662162437,0.0007810714285714286,3.267252377142781,2.0,8179.2,8177.2,3.2664713057142096
28250,0.7468,0.2528,0.0004,89.11130519909896,0.04706745775320224,0.0007811398230088496,3.267262170619393,2.0,8165.6,8163.6,3.266481030796384
28500,0.7456,0.2532,0.0012,89.09815308958345,0.0471871757483854,0.0007813614035087719,3.2672686259648405,3.0,8163.2,8160.2,3.266487264561332
28750,0.7464,0.2528,0.0008,89.10630488738562,0.04710335936094517,0.0007810226086956522,3.2672764605216664,4.0,8169.599999999999,8165.599999999999,3.2664954379129707
29000,0.746,0.2532,0.0008,89.11016003677372,0.047089671380947405,0.0007812827586206896,3.26728527999993,2.0,8180.400000000001,8178.400000000001,3.2665039972413097
29250,0.7472,0.2512,0.0016,89.10753461077988,0.047074638981666986,0.0007807452991452991,3.2672958140170216,1.0,8171.2,8170.2,3.2665150687178763
29500,0.746,0.2532,0.0008,89.11386082408326,0.04706084046341979,0.0007806101694915255,3.2673030616948426,2.0,8164.4,8162.4,3.266522451525351
29750,0.7464,0.2532,0.0004,89.1110152098316,0.04704630879671197,0.0007804504201680672,3.26731044033606,3.0,8170.799999999999,8167.799999999999,3.266529989915892
30000,0.7472,0.2528,0.0,89.11955898978228,0.04700889989873737,0.0007797866666666666,3.2673221386665894,3.0,8186.799999999999,8183.799999999999,3.2665423519999224
30250,0.7476,0.252,0.0004,89.10835765360076,0.047075382286121556,0.0007797421487603306,3.2673341090908337,4.0,8166.8,8162.8,3.2665543669420734
30500,0.746,0.2528,0.0012,89.10811223127936,0.04707481627168147,0.0007795672131147541,3.267344414426153,2.0,8180.0,8178.0,3.266564847213038
30750,0.7452,0.254,0.0008,89.10911203203396,0.0470595417169908,0.0007800325203252032,3.2673521482926096,2.0,8158.8,8156.8,3.2665721157722842
31000,0.7464,0.2524,0.0012,89.11221282129017,0.04705504729113182,0.0007806064516129032,3.2673605109676673,2.0,8167.200000000001,8165.200000000001,3.266579904516054
31250,0.7456,0.2536,0.0008,89.12639684244458,0.04693754266713421,0.0007804928,3.267368657919925,1.0,8173.599999999999,8172.599999999999,3.266588165119925
31500,0.7468,0.252,0.0012,89.10921613862307,0.047078345742585063,0.0007807873015873016,3.2673751060316727,2.0,8172.0,8170.0,3.2665943187300854
31750,0.748,0.2512,0.0008,89.1185981322902,0.04698134381404181,0.0007807244094488189,3.267383720314887,1.0,8176.4,8175.4,3.2666029959054383
32000,0.7468,0.2524,0.0008,89.09381595748559,0.047242678096530766,0.00078055,3.2673910349999256,2.0,8173.200000000001,8171.200000000001,3.2666104849999256
32250,0.746,0.2532,0.0008,89.0977721864222,0.04720253066119379,0.0007807627906976744,3.2673990399999266,2.0,8165.6,8163.6,3.266618277209229
32500,0.7476,0.2516,0.0008,89.11631344550915,0.047027703794394554,0.0007807138461538461,3.2674060750768494,2.0,8157.599999999999,8155.599999999999,3.2666253612306955
32750,0.7448,0.2548,0.0004,89.1132666353772,0.04702403570206568,0.0007806900763358778,3.2674110876335147,2.0,8164.4,8162.4,3.266630397557179
33000,0.7464,0.2524,0.0012,89.11308227387937,0.04705385991880202,0.0007801333333333333,3.267417900605984,1.0,8176.4,8175.4,3.266637767272651
33250,0.7488,0.2504,0.0008,89.11915513217322,0.046995058409610005,0.0007801624060150376,3.2674250442104507,2.0,8185.6,8183.6,3.2666448818044356
33500,0.7456,0.254,0.0004,89.1146475460762,0.04705867782872958,0.0007801074626865672,3.267433623880519,3.0,8178.799999999999,8175.799999999999,3.2666535164178323
33750,0.7464,0.2528,0.0008,89.1223803130858,0.04695462415279986,0.0007803614814814815,3.2674395117036297,1.0,8154.0,8153.0,3.2666591502221483
34000,0.7484,0.2512,0.0004,89.10955430268535,0.04706322846922287,0.0007802117647058823,3.2674444564705127,1.0,8166.0,8165.0,3.2666642447058067
34250,0.7452,0.2544,0.0004,89.11260563364472,0.04706108631943248,0.0007796204379562044,3.267452799999918,3.0,8188.0,8185.0,3.2666731795619617
34500,0.7468,0.252,0.0012,89.11241273084136,0.04704579720491143,0.000779536231884058,3.2674581101448417,1.0,8173.599999999999,8172.599999999999,3.266678573912958
34750,0.7468,0.252,0.0012,89.0959781522237,0.047188558783881875,0.0007795798561151079,3.267464301582651,2.0,8165.6,8163.6,3.2666847217265365
35000,0.746,0.2532,0.0008,89.10516238260394,0.047096647649523926,0.0007795085714285714,3.2674726354284886,2.0,8173.6,8171.6,3.26669312685706
35250,0.7476,0.252,0.0004,89.1263999692996,0.04694370351059109,0.0007795404255319149,3.267478549787152,3.0,8176.4,8173.4,3.26669900936162
35500,0.7452,0.2544,0.0004,89.1165312583088,0.04702622506674569,0.0007798760563380282,3.267485462535128,2.0,8178.8,8176.8,3.26670558647879
35750,0.7488,0.25,0.0012,89.11258924786213,0.047047493530312456,0.0007798713286713287,3.2674908151048148,0.0,8164.4,8164.4,3.2667109437761432
36000,0.7472,0.2524,0.0004,89.11181970734215,0.047052163506427026,0.0007798111111111111,3.2674948399999115,2.0,8164.400000000001,8162.400000000001,3.2667150288888003
36250,0.7468,0.2524,0.0008,89.10624395794825,0.04712060811426976,0.0007796193103448276,3.2675023624826616,1.0,8176.4,8175.4,3.2667227431723167
36500,0.7476,0.2516,0.0008,89.11560622355756,0.047029003761730984,0.0007794958904109589,3.2675087561642857,3.0,8170.799999999999,8167.799999999999,3.2667292602738747
36750,0.7472,0.252,0.0008,89.10592087241638,0.047109271463660916,0.0007797659863945578,3.2675164299318724,1.0,8171.2,8170.2,3.2667366639454776
37000,0.7468,0.2524,0.0008,89.12074081872942,0.047001558385579144,0.0007797513513513513,3.2675236367566605,3.0,8168.4,8165.4,3.266743885405309
37250,0.7456,0.254,0.0004,89.12077947230783,0.046974227140444365,0.0007798765100671141,3.267530287248227,1.0,8177.599999999999,8176.599999999999,3.2667504107381595
37500,0.7484,0.2512,0.0004,89.12204482921015,0.04698556381750531,0.000780096,3.267536307199903,3.0,8189.599999999999,8186.599999999999,3.266756211199903
37750,0.746,0.2528,0.0012,89.11599030630191,0.04701551750080928,0.0007797615894039736,3.267542904370759,4.0,8173.200000000001,8169.200000000001,3.266763142781355
38000,0.7468,0.2532,0.0,89.10119946534543,0.04715565191527321,0.0007796,3.2675480589472645,2.0,8167.200000000001,8165.200000000001,3.2667684589472645
38250,0.7468,0.2524,0.0008,89.11233648464335,0.0470375102543997,0.0007796078431372549,3.2675501720260454,2.0,8172.0,8170.0,3.266770564182908
38500,0.7452,0.2548,0.0,89.10278837876304,0.04714337334253222,0.0007794597402597403,3.2675554825973054,3.0,8165.599999999999,8162.599999999999,3.2667760228570457
38750,0.7468,0.2528,0.0004,89.12131197722788,0.04697225754057926,0.0007793548387096775,3.267562012903132,2.0,8173.6,8171.6,3.2667826580644226
39000,0.7464,0.2528,0.0008,89.12235981855694,0.04698224519985483,0.0007793128205128206,3.2675676307691344,2.0,8174.8,8172.8,3.2667883179486212
39250,0.7468,0.2528,0.0004,89.10762782313267,0.047074028121306066,0.0007790471337579618,3.2675735031846216,4.0,8161.5999999999985,8157.5999999999985,3.2667944560508637
39500,0.7472,0.252,0.0008,89.10621376885788,0.047097236790866505,0.0007791898734177215,3.267581516961937,3.0,8156.0,8153.0,3.2668023270885196
39750,0.7464,0.2528,0.0008,89.10557166907255,0.047108386223149834,0.0007793509433962264,3.2675840805030543,2.0,8163.200000000001,8161.200000000001,3.266804729559658
40000,0.746,0.2528,0.0012,89.1102010623231,0.04707547808472962,0.0007791,3.2675894279999067,2.0,8184.400000000001,8182.400000000001,3.2668103279999063
40250,0.7472,0.2528,0.0,89.12976093917688,0.04691280800061269,0.0007792198757763975,3.2675946057141996,2.0,8185.6,8183.6,3.2668153858384232
40500,0.746,0.2536,0.0004,89.10365828232942,0.04712055405839274,0.0007792296296296297,3.267599146666584,2.0,8173.6,8171.6,3.2668199170369543
40750,0.746,0.2528,0.0012,89.12105656983475,0.04698612075161804,0.0007790625766871165,3.267605842453905,1.0,8176.4,8175.4,3.266826779877218
41000,0.7476,0.2516,0.0008,89.11675762877834,0.04701795405690082,0.0007791121951219512,3.2676115863413786,0.0,8164.4,8164.4,3.266832474146257
41250,0.7468,0.252,0.0012,89.10570891074089,0.04711627478710848,0.0007792775757575757,3.2676148829090024,2.0,8167.200000000001,8165.200000000001,3.266835605333245
41500,0.748,0.2504,0.0016,89.10802793249525,0.04708122200130447,0.0007791132530120482,3.2676210544577415,3.0,8162.799999999999,8159.799999999999,3.2668419412047296
41750,0.7488,0.2504,0.0008,89.09795029752894,0.047167772114701,0.0007788646706586827,3.2676252129340364,0.0,8163.2,8163.2,3.266846348263378
42000,0.7476,0.2516,0.0008,89.11491374586019,0.047028153560102585,0.0007786190476190476,3.2676312380951416,1.0,8166.799999999999,8165.799999999999,3.2668526190475227
42250,0.7464,0.2532,0.0004,89.10364033228649,0.04712778201321155,0.0007783479289940828,3.267635972544279,2.0,8172.400000000001,8170.400000000001,3.266857624615285
42500,0.7452,0.2536,0.0012,89.10725738911437,0.04709120989782662,0.0007786164705882353,3.267643019294014,1.0,8172.4,8171.4,3.2668644028234257
42750,0.7472,0.252,0.0008,89.11107466370656,0.047090661202299954,0.0007789192982456141,3.2676484304092575,2.0,8193.6,8191.6,3.266869511111012
43000,0.7456,0.2544,0.0,89.11128681097284,0.04708711495924903,0.0007786883720930232,3.2676540874417617,2.0,8164.400000000001,8162.400000000001,3.2668753990696686
43250,0.746,0.2532,0.0008,89.1088260588359,0.04708650335122727,0.0007784231213872832,3.2676599047397796,3.0,8165.6,8162.6,3.2668814816183924
43500,0.7456,0.2536,0.0008,89.11721689086069,0.0470009787816527,0.0007785747126436782,3.2676645002297793,1.0,8172.4,8171.4,3.266885925517135
43750,0.7472,0.2516,0.0012,89.09673403869796,0.04716162367183718,0.0007785874285714285,3.267667280457039,0.0,8163.199999999999,8163.199999999999,3.2668886930284673
44000,0.7484,0.2504,0.0012,89.11217057689275,0.04704673927216766,0.0007785727272727272,3.2676707854544387,3.0,8174.4,8171.4,3.2668922127271656
44250,0.7468,0.252,0.0012,89.11632541364033,0.04699479139837689,0.000778793220338983,3.2676748619207947,1.0,8176.4,8175.4,3.266896068700456
44500,0.746,0.2536,0.0004,89.10825014005968,0.04709909008578444,0.0007786157303370787,3.2676806579774187,2.0,8152.4,8150.4,3.266902042247082
44750,0.7448,0.2544,0.0008,89.10237420388279,0.04713809263575843,0.0007787530726256983,3.267683557541787,2.0,8151.2,8149.2,3.2669048044691613
45000,0.7448,0.2548,0.0004,89.11256219401119,0.047047903495571045,0.0007787377777777778,3.2676877439998875,2.0,8162.0,8160.0,3.26690900622211
45250,0.7476,0.2516,0.0008,89.1003845096488,0.0471866925220113,0.0007784839779005525,3.267691870055131,2.0,8172.400000000001,8170.400000000001,3.266913386077231
45500,0.7456,0.2536,0.0008,89.10974568997004,0.04707886111100805,0.0007783384615384616,3.267696650549332,3.0,8168.4,8165.4,3.266918312087794
45750,0.7464,0.252,0.0016,89.09919509380325,0.047181938844600514,0.0007782819672131147,3.267700392568186,1.0,8181.599999999999,8180.599999999999,3.266922110600973
46000,0.7484,0.2512,0.0004,89.1042053451615,0.04711584837157082,0.0007785130434782609,3.267704100869445,3.0,8169.599999999999,8166.599999999999,3.266925587825967
46250,0.7452,0.2548,0.0,89.11318835444148,0.047044703825460145,0.0007784043243243244,3.2677092704863653,3.0,8172.4,8169.4,3.2669308661620406
46500,0.7472,0.2512,0.0016,89.1122625047258,0.04707725477996281,0.0007782881720430107,3.2677123337633165,1.0,8172.4,8171.4,3.2669340455912734
46750,0.7476,0.2512,0.0012,89.09552202440175,0.04721591029853558,0.0007786866310160428,3.2677143854544197,2.0,8166.8,8164.8,3.2669356988234037
47000,0.7472,0.2524,0.0004,89.11840855486854,0.0469885222760144,0.0007784510638297873,3.267718491914765,2.0,8173.600000000001,8171.600000000001,3.266940040850935
47250,0.7468,0.2524,0.0008,89.10408280021029,0.0471305506417392,0.0007785481481481482,3.267720225185055,2.0,8160.400000000001,8158.400000000001,3.2669416770369066
47500,0.7456,0.254,0.0004,89.10884934586443,0.04707534632127701,0.0007786357894736842,3.267722950736712,2.0,8165.6,8163.6,3.266944314947238
47750,0.7472,0.2524,0.0004,89.10105806580998,0.047178846154358654,0.000778655497382199,3.267725798533901,2.0,8181.6,8179.6,3.2669471430365187
48000,0.7468,0.252,0.0012,89.11317817374487,0.047063434101782216,0.0007787833333333333,3.2677287433332047,1.0,8186.799999999999,8185.799999999999,3.266949959999871
48250,0.7472,0.2516,0.0012,89.09388614637547,0.04722988920429844,0.0007789927461139897,3.2677313193781097,2.0,8169.6,8167.6,3.2669523266319955
48500,0.748,0.2508,0.0012,89.10591617105189,0.047098642796767114,0.0007789525773195876,3.267734980618428,3.0,8168.399999999999,8165.399999999999,3.2669560280411085
48750,0.7456,0.254,0.0004,89.12122113037162,0.046986608331719915,0.0007788061538461539,3.267740507897307,2.0,8200.400000000001,8198.400000000001,3.266961701743461
49000,0.7476,0.252,0.0004,89.1016857682653,0.04713903064240112,0.0007788326530612245,3.2677418938774183,2.0,8167.200000000001,8165.200000000001,3.2669630612243568
49250,0.746,0.2532,0.0008,89.09815543804275,0.04716907412116968,0.0007787857868020305,3.2677439220303235,1.0,8147.199999999999,8146.199999999999,3.2669651362435217
49500,0.7476,0.252,0.0004,89.12254574260348,0.04697313904077922,0.0007786262626262627,3.2677482440402663,2.0,8182.8,8180.8,3.2669696177776397
49750,0.7488,0.25,0.0012,89.10752655349185,0.04710178323064236,0.0007785326633165829,3.267749624924487,2.0,8167.2,8165.2,3.2669710922611706
50000,0.7444,0.2552,0.0004,89.11155955632599,0.04706269558835178,0.00077852,3.2677536607998614,2.0,8185.599999999999,8183.599999999999,3.2669751407998615
