t,frac_C,frac_D,frac_L,avg_res,gini,per_sigma,per_output,per_net,cum_net_hat,edges_CC,edges_CD,edges_DD,edges_CL,edges_DL,edges_LL,edges_total,edges_CC_ratio,edges_CD_ratio,edges_DD_ratio,edges_CL_ratio,edges_DL_ratio,edges_LL_ratio,D_perimeter,D_perimeter_ratio
0,0.5,0.5,0.0,10.0,0.0,0.0,0.0,0.0,0.0,1216,2568,1216,0,0,0,5000,0.2432,0.5136,0.2432,0.0,0.0,0.0,2568,0.5136
100,0.2828,0.7172,0.0,30.416640810788266,0.5355584500983404,0.0,3516.8,3516.8,1.2904784000000002,854,1120,3026,0,0,0,5000,0.1708,0.224,0.6052,0.0,0.0,0.0,1120,0.224
200,0.314,0.686,0.0,41.055433688750625,0.4277101355376456,0.0,4025.6000000000004,4025.6000000000004,1.3255407999999989,981,1178,2841,0,0,0,5000,0.1962,0.2356,0.5682,0.0,0.0,0.0,1178,0.2356
300,0.3128,0.6872,0.0,51.16987618829467,0.3175483710531147,0.0,3719.2,3719.2,1.3843349333333315,997,1134,2869,0,0,0,5000,0.1994,0.2268,0.5738,0.0,0.0,0.0,1134,0.2268
400,0.2184,0.7816,0.0,50.5814590308618,0.28865380694814896,0.0,2610.0,2610.0,1.381899199999999,681,822,3497,0,0,0,5000,0.1362,0.1644,0.6994,0.0,0.0,0.0,822,0.1644
500,0.1792,0.8208,0.0,48.68197906807939,0.3126702341851066,0.0,2377.6,2377.6,1.3789705599999995,505,782,3713,0,0,0,5000,0.101,0.1564,0.7426,0.0,0.0,0.0,782,0.1564
600,0.3432,0.6568,0.0,53.21371134505648,0.2996362863740397,0.0,4072.4000000000005,4072.4000000000005,1.386961599999999,1110,1212,2678,0,0,0,5000,0.222,0.2424,0.5356,0.0,0.0,0.0,1212,0.2424
700,0.3,0.7,0.0,59.49411418044797,0.21447383577479442,0.0,3658.4,3658.4,1.4119227428571415,955,1090,2955,0,0,0,5000,0.191,0.218,0.591,0.0,0.0,0.0,1090,0.218
800,0.2792,0.7208,0.0,61.309775902959146,0.1952988797993912,0.0,3558.0,3558.0,1.4262353999999993,840,1112,3048,0,0,0,5000,0.168,0.2224,0.6096,0.0,0.0,0.0,1112,0.2224
900,0.318,0.682,0.0,62.885957653813776,0.17309252842874356,0.0,3770.0,3770.0,1.433072888888889,1074,1032,2894,0,0,0,5000,0.2148,0.2064,0.5788,0.0,0.0,0.0,1032,0.2064
1000,0.2572,0.7428,0.0,58.11894543133541,0.23104185015149384,0.0,3238.0,3238.0,1.4341148799999996,767,1038,3195,0,0,0,5000,0.1534,0.2076,0.639,0.0,0.0,0.0,1038,0.2076
1100,0.334,0.666,0.0,46.627741576246464,0.380830400337774,0.0,3965.2,3965.2,1.4154866909090906,1167,1006,2827,0,0,0,5000,0.2334,0.2012,0.5654,0.0,0.0,0.0,1006,0.2012
1200,0.2948,0.7052,0.0,53.23561628872365,0.26909540118315023,0.0,3585.2,3585.2,1.4221206666666664,908,1132,2960,0,0,0,5000,0.1816,0.2264,0.592,0.0,0.0,0.0,1132,0.2264
1300,0.2672,0.7328,0.0,52.589456291176006,0.2868795289767555,0.0,3327.2,3327.2,1.4220415999999998,844,984,3172,0,0,0,5000,0.1688,0.1968,0.6344,0.0,0.0,0.0,984,0.1968
1400,0.19,0.81,0.0,31.6749317813068,0.49762806758647854,0.0,2451.6000000000004,2451.6000000000004,1.4029065142857133,547,806,3647,0,0,0,5000,0.1094,0.1612,0.7294,0.0,0.0,0.0,806,0.1612
1500,0.328,0.672,0.0,25.225177613950795,0.544741664204006,0.0,4035.2,4035.2,1.3872278399999995,1114,1052,2834,0,0,0,5000,0.2228,0.2104,0.5668,0.0,0.0,0.0,1052,0.2104
1600,0.28,0.72,0.0,32.1707408208569,0.4871685945566583,0.0,3252.0,3252.0,1.3877663999999996,907,986,3107,0,0,0,5000,0.1814,0.1972,0.6214,0.0,0.0,0.0,986,0.1972
1700,0.2532,0.7468,0.0,28.360951728146254,0.5191966667134269,0.0,3134.0,3134.0,1.3799905882352936,794,944,3262,0,0,0,5000,0.1588,0.1888,0.6524,0.0,0.0,0.0,944,0.1888
1800,0.2736,0.7264,0.0,29.562379890273455,0.5260254065558816,0.0,3444.4000000000005,3444.4000000000005,1.3781857777777775,855,1026,3119,0,0,0,5000,0.171,0.2052,0.6238,0.0,0.0,0.0,1026,0.2052
1900,0.2616,0.7384,0.0,29.258534908322552,0.5266272239937712,0.0,3297.6000000000004,3297.6000000000004,1.374683705263158,806,1004,3190,0,0,0,5000,0.1612,0.2008,0.638,0.0,0.0,0.0,1004,0.2008
2000,0.2652,0.7348,0.0,35.81149409328387,0.46547545120866884,0.0,3352.3999999999996,3352.3999999999996,1.3746777599999997,774,1104,3122,0,0,0,5000,0.1548,0.2208,0.6244,0.0,0.0,0.0,1104,0.2208
2100,0.2808,0.7192,0.0,45.57951830128894,0.35777567881735384,0.0,3589.6000000000004,3589.6000000000004,1.3766685714285716,853,1102,3045,0,0,0,5000,0.1706,0.2204,0.609,0.0,0.0,0.0,1102,0.2204
2200,0.2552,0.7448,0.0,40.59275657362398,0.4212415405402805,0.0,2971.2,2971.2,1.3736888,814,924,3262,0,0,0,5000,0.1628,0.1848,0.6524,0.0,0.0,0.0,924,0.1848
2300,0.2532,0.7468,0.0,34.86140710992441,0.4752865721846066,0.0,3144.7999999999997,3144.7999999999997,1.3666868173913045,769,994,3237,0,0,0,5000,0.1538,0.1988,0.6474,0.0,0.0,0.0,994,0.1988
2400,0.2524,0.7476,0.0,36.82650485311734,0.447714411422584,0.0,3143.2,3143.2,1.362491066666667,795,934,3271,0,0,0,5000,0.159,0.1868,0.6542,0.0,0.0,0.0,934,0.1868
2500,0.2316,0.7684,0.0,38.89957498776795,0.4447734700794295,0.0,2758.3999999999996,2758.3999999999996,1.3615242879999998,737,842,3421,0,0,0,5000,0.1474,0.1684,0.6842,0.0,0.0,0.0,842,0.1684
2600,0.3176,0.6824,0.0,37.42954338949853,0.4633818187652648,0.0,3768.3999999999996,3768.3999999999996,1.3590785230769225,1047,1082,2871,0,0,0,5000,0.2094,0.2164,0.5742,0.0,0.0,0.0,1082,0.2164
2700,0.2472,0.7528,0.0,42.882188513425554,0.39517720271467227,0.0,3208.7999999999997,3208.7999999999997,1.3610961777777768,711,1050,3239,0,0,0,5000,0.1422,0.21,0.6478,0.0,0.0,0.0,1050,0.21
2800,0.3152,0.6848,0.0,50.31077717661867,0.33094981471765034,0.0,4217.2,4217.2,1.3653429714285705,935,1282,2783,0,0,0,5000,0.187,0.2564,0.5566,0.0,0.0,0.0,1282,0.2564
2900,0.3252,0.6748,0.0,43.815360347862715,0.4099542831119101,0.0,4037.6000000000004,4037.6000000000004,1.3637014068965505,1028,1196,2776,0,0,0,5000,0.2056,0.2392,0.5552,0.0,0.0,0.0,1196,0.2392
3000,0.34,0.66,0.0,50.78594471817066,0.325934580757979,0.0,4015.2000000000003,4015.2000000000003,1.3678219199999995,1095,1210,2695,0,0,0,5000,0.219,0.242,0.539,0.0,0.0,0.0,1210,0.242
3100,0.2752,0.7248,0.0,54.072696861315684,0.28839812551216715,0.0,3299.2,3299.2,1.3717208774193537,883,986,3131,0,0,0,5000,0.1766,0.1972,0.6262,0.0,0.0,0.0,986,0.1972
3200,0.2648,0.7352,0.0,49.989328381693625,0.326098821194688,0.0,3295.6,3295.6,1.3712603999999986,824,1000,3176,0,0,0,5000,0.1648,0.2,0.6352,0.0,0.0,0.0,1000,0.2
3300,0.2772,0.7228,0.0,49.48292219575072,0.32214645355835936,0.0,3333.6000000000004,3333.6000000000004,1.3729649454545447,881,1010,3109,0,0,0,5000,0.1762,0.202,0.6218,0.0,0.0,0.0,1010,0.202
3400,0.3788,0.6212,0.0,55.73010471513564,0.27565371691239654,0.0,4455.2,4455.2,1.3758138823529402,1282,1224,2494,0,0,0,5000,0.2564,0.2448,0.4988,0.0,0.0,0.0,1224,0.2448
3500,0.2924,0.7076,0.0,50.45813519966756,0.3207535436932526,0.0,3380.8,3380.8,1.3761253485714293,992,940,3068,0,0,0,5000,0.1984,0.188,0.6136,0.0,0.0,0.0,940,0.188
3600,0.192,0.808,0.0,31.943444279736966,0.48662295449831594,0.0,2334.3999999999996,2334.3999999999996,1.368052933333334,550,820,3630,0,0,0,5000,0.11,0.164,0.726,0.0,0.0,0.0,820,0.164
3700,0.3092,0.6908,0.0,36.84225195412735,0.4737181258063926,0.0,3862.0,3862.0,1.3659979675675686,950,1192,2858,0,0,0,5000,0.19,0.2384,0.5716,0.0,0.0,0.0,1192,0.2384
3800,0.2432,0.7568,0.0,46.38263721778155,0.36108999529300984,0.0,3335.2,3335.2,1.3680984000000003,719,994,3287,0,0,0,5000,0.1438,0.1988,0.6574,0.0,0.0,0.0,994,0.1988
3900,0.3344,0.6656,0.0,50.387789081211544,0.3253162132992635,0.0,4148.400000000001,4148.400000000001,1.3686347487179489,1078,1188,2734,0,0,0,5000,0.2156,0.2376,0.5468,0.0,0.0,0.0,1188,0.2376
4000,0.2652,0.7348,0.0,52.16675387070553,0.28880443798503,0.0,3329.6,3329.6,1.3702851999999999,788,1076,3136,0,0,0,5000,0.1576,0.2152,0.6272,0.0,0.0,0.0,1076,0.2152
4100,0.2816,0.7184,0.0,54.52561524929351,0.24624705243484282,0.0,3401.2,3401.2,1.3716111999999996,862,1092,3046,0,0,0,5000,0.1724,0.2184,0.6092,0.0,0.0,0.0,1092,0.2184
4200,0.2804,0.7196,0.0,55.932602220316035,0.2594065432457759,0.0,3623.2000000000003,3623.2000000000003,1.3725244952380948,887,1030,3083,0,0,0,5000,0.1774,0.206,0.6166,0.0,0.0,0.0,1030,0.206
4300,0.2992,0.7008,0.0,61.008570558946985,0.1920230448072073,0.0,3576.4,3576.4,1.376688520930232,977,1038,2985,0,0,0,5000,0.1954,0.2076,0.597,0.0,0.0,0.0,1038,0.2076
4400,0.3448,0.6552,0.0,60.0861356229337,0.21508875614355288,0.0,4117.6,4117.6,1.3789869454545456,1135,1178,2687,0,0,0,5000,0.227,0.2356,0.5374,0.0,0.0,0.0,1178,0.2356
4500,0.2508,0.7492,0.0,51.915466526544336,0.2592722584220872,0.0,2948.8,2948.8,1.3796982044444448,803,902,3295,0,0,0,5000,0.1606,0.1804,0.659,0.0,0.0,0.0,902,0.1804
4600,0.2748,0.7252,0.0,48.21466243035624,0.3392577490039244,0.0,3254.4,3254.4,1.3785963130434784,901,946,3153,0,0,0,5000,0.1802,0.1892,0.6306,0.0,0.0,0.0,946,0.1892
4700,0.3676,0.6324,0.0,57.88999600946819,0.2551633318690411,0.0,4310.0,4310.0,1.382393838297872,1257,1162,2581,0,0,0,5000,0.2514,0.2324,0.5162,0.0,0.0,0.0,1162,0.2324
4800,0.2752,0.7248,0.0,57.23926321896298,0.2265022705865825,0.0,3452.8,3452.8,1.385060933333333,842,1068,3090,0,0,0,5000,0.1684,0.2136,0.618,0.0,0.0,0.0,1068,0.2136
4900,0.2684,0.7316,0.0,53.252003484979525,0.30121034413749515,0.0,3513.6,3513.6,1.385254987755103,812,1060,3128,0,0,0,5000,0.1624,0.212,0.6256,0.0,0.0,0.0,1060,0.212
5000,0.2928,0.7072,0.0,51.32980353287652,0.2977395313180498,0.0,3565.2,3565.2,1.3855867520000014,925,1078,2997,0,0,0,5000,0.185,0.2156,0.5994,0.0,0.0,0.0,1078,0.2156
5100,0.3176,0.6824,0.0,56.33559378793972,0.27060590269412205,0.0,3964.7999999999997,3964.7999999999997,1.3887616313725524,989,1198,2813,0,0,0,5000,0.1978,0.2396,0.5626,0.0,0.0,0.0,1198,0.2396
5200,0.348,0.652,0.0,56.99527899243593,0.26443219663933576,0.0,4299.6,4299.6,1.3909820615384658,1139,1202,2659,0,0,0,5000,0.2278,0.2404,0.5318,0.0,0.0,0.0,1202,0.2404
5300,0.3324,0.6676,0.0,46.02801316486741,0.37742292927182625,0.0,3718.0,3718.0,1.3891914566037766,1160,1004,2836,0,0,0,5000,0.232,0.2008,0.5672,0.0,0.0,0.0,1004,0.2008
5400,0.3156,0.6844,0.0,47.98344412297459,0.36236966171732227,0.0,3570.4,3570.4,1.3900803259259293,1074,1008,2918,0,0,0,5000,0.2148,0.2016,0.5836,0.0,0.0,0.0,1008,0.2016
5500,0.3408,0.6592,0.0,48.31780955951018,0.3432971702270361,0.0,4033.6000000000004,4033.6000000000004,1.390584581818184,1140,1128,2732,0,0,0,5000,0.228,0.2256,0.5464,0.0,0.0,0.0,1128,0.2256
5600,0.33,0.67,0.0,54.62952862591762,0.28354255389063837,0.0,4059.6,4059.6,1.392827542857145,1068,1164,2768,0,0,0,5000,0.2136,0.2328,0.5536,0.0,0.0,0.0,1164,0.2328
5700,0.2868,0.7132,0.0,56.19640485787443,0.24304597173249237,0.0,3496.8,3496.8,1.3946666385964925,858,1152,2990,0,0,0,5000,0.1716,0.2304,0.598,0.0,0.0,0.0,1152,0.2304
5800,0.2956,0.7044,0.0,47.73240817394556,0.3463259474082947,0.0,3356.8,3356.8,1.3930439724137944,979,998,3023,0,0,0,5000,0.1958,0.1996,0.6046,0.0,0.0,0.0,998,0.1996
5900,0.2836,0.7164,0.0,37.16614213863674,0.4609623412759739,0.0,3401.2,3401.2,1.389111430508476,927,982,3091,0,0,0,5000,0.1854,0.1964,0.6182,0.0,0.0,0.0,982,0.1964
6000,0.298,0.702,0.0,36.68426083576559,0.45348145928487504,0.0,3390.0,3390.0,1.3882532533333338,987,1006,3007,0,0,0,5000,0.1974,0.2012,0.6014,0.0,0.0,0.0,1006,0.2012
6100,0.2872,0.7128,0.0,44.40261430919944,0.39298586240820144,0.0,3663.2,3663.2,1.3900321836065574,912,1048,3040,0,0,0,5000,0.1824,0.2096,0.608,0.0,0.0,0.0,1048,0.2096
6200,0.3016,0.6984,0.0,45.70800147072462,0.37956136417438086,0.0,3880.4,3880.4,1.390778167741936,946,1124,2930,0,0,0,5000,0.1892,0.2248,0.586,0.0,0.0,0.0,1124,0.2248
6300,0.2144,0.7856,0.0,49.148546068304896,0.33077215443289515,0.0,3014.8,3014.8,1.3925068952380961,611,922,3467,0,0,0,5000,0.1222,0.1844,0.6934,0.0,0.0,0.0,922,0.1844
6400,0.3172,0.6828,0.0,35.175990628672416,0.4702942302898855,0.0,3799.6,3799.6,1.3887484749999996,1019,1134,2847,0,0,0,5000,0.2038,0.2268,0.5694,0.0,0.0,0.0,1134,0.2268
6500,0.2988,0.7012,0.0,41.01705917612696,0.3987821905381809,0.0,3625.2000000000003,3625.2000000000003,1.389266116923076,998,992,3010,0,0,0,5000,0.1996,0.1984,0.602,0.0,0.0,0.0,992,0.1984
6600,0.288,0.712,0.0,42.132890778034124,0.4174807606072835,0.0,3554.4,3554.4,1.3885171636363627,904,1072,3024,0,0,0,5000,0.1808,0.2144,0.6048,0.0,0.0,0.0,1072,0.2144
6700,0.2888,0.7112,0.0,44.64980666340401,0.36764873604571235,0.0,3336.0,3336.0,1.3893874149253715,969,950,3081,0,0,0,5000,0.1938,0.19,0.6162,0.0,0.0,0.0,950,0.19
6800,0.2964,0.7036,0.0,55.0913541702511,0.27151988205611255,0.0,3477.6000000000004,3477.6000000000004,1.3930095764705865,979,1006,3015,0,0,0,5000,0.1958,0.2012,0.603,0.0,0.0,0.0,1006,0.2012
6900,0.2708,0.7292,0.0,54.376944934950934,0.26386702633839704,0.0,3269.6,3269.6,1.3930641623188404,843,1022,3135,0,0,0,5000,0.1686,0.2044,0.627,0.0,0.0,0.0,1022,0.2044
7000,0.2296,0.7704,0.0,53.67086004663041,0.2594127675120067,0.0,2925.6,2925.6,1.3927912914285714,688,920,3392,0,0,0,5000,0.1376,0.184,0.6784,0.0,0.0,0.0,920,0.184
7100,0.2464,0.7536,0.0,35.892126397693225,0.4750360518899908,0.0,2935.2,2935.2,1.388756394366197,765,934,3301,0,0,0,5000,0.153,0.1868,0.6602,0.0,0.0,0.0,934,0.1868
7200,0.2816,0.7184,0.0,50.66274293927215,0.33200893888807875,0.0,3651.2,3651.2,1.3904553999999996,813,1190,2997,0,0,0,5000,0.1626,0.238,0.5994,0.0,0.0,0.0,1190,0.238
7300,0.2476,0.7524,0.0,51.866980647268775,0.2921200225703727,0.0,3108.0,3108.0,1.3909022246575347,780,916,3304,0,0,0,5000,0.156,0.1832,0.6608,0.0,0.0,0.0,916,0.1832
7400,0.192,0.808,0.0,38.19652659327199,0.4311037634676606,0.0,2620.4,2620.4,1.38789145945946,539,842,3619,0,0,0,5000,0.1078,0.1684,0.7238,0.0,0.0,0.0,842,0.1684
7500,0.2564,0.7436,0.0,35.76834191303364,0.46940403017163007,0.0,3266.4,3266.4,1.3862337493333334,752,1060,3188,0,0,0,5000,0.1504,0.212,0.6376,0.0,0.0,0.0,1060,0.212
7600,0.2852,0.7148,0.0,43.46030593914421,0.39435775050789296,0.0,3410.8,3410.8,1.3860531368421047,917,1018,3065,0,0,0,5000,0.1834,0.2036,0.613,0.0,0.0,0.0,1018,0.2036
7700,0.2544,0.7456,0.0,43.52037304266719,0.3850987327330024,0.0,2987.2,2987.2,1.3860659324675308,831,882,3287,0,0,0,5000,0.1662,0.1764,0.6574,0.0,0.0,0.0,882,0.1764
7800,0.2332,0.7668,0.0,33.043864652210495,0.4833630184777302,0.0,2774.8,2774.8,1.3836904615384604,767,798,3435,0,0,0,5000,0.1534,0.1596,0.687,0.0,0.0,0.0,798,0.1596
7900,0.3188,0.6812,0.0,35.580316415350545,0.4806517671085133,0.0,3994.0,3994.0,1.3824482227848092,995,1198,2807,0,0,0,5000,0.199,0.2396,0.5614,0.0,0.0,0.0,1198,0.2396
8000,0.3152,0.6848,0.0,43.71632285716658,0.4029955674264416,0.0,3690.8,3690.8,1.3832876999999981,1064,1024,2912,0,0,0,5000,0.2128,0.2048,0.5824,0.0,0.0,0.0,1024,0.2048
8100,0.2828,0.7172,0.0,47.605065795781606,0.34646116655668663,0.0,3266.4000000000005,3266.4000000000005,1.3835690666666647,973,882,3145,0,0,0,5000,0.1946,0.1764,0.629,0.0,0.0,0.0,882,0.1764
8200,0.246,0.754,0.0,44.27426171144635,0.3851969110147136,0.0,3249.2,3249.2,1.3830522731707295,729,1002,3269,0,0,0,5000,0.1458,0.2004,0.6538,0.0,0.0,0.0,1002,0.2004
8300,0.2884,0.7116,0.0,39.144373749610395,0.4548831642358056,0.0,3466.4,3466.4,1.3817292337349374,877,1130,2993,0,0,0,5000,0.1754,0.226,0.5986,0.0,0.0,0.0,1130,0.226
8400,0.316,0.684,0.0,53.27717214208314,0.2916307853963895,0.0,4029.2,4029.2,1.3834689142857115,975,1210,2815,0,0,0,5000,0.195,0.242,0.563,0.0,0.0,0.0,1210,0.242
8500,0.316,0.684,0.0,53.085533512959394,0.293377775647332,0.0,3698.0,3698.0,1.3838111811764677,1040,1080,2880,0,0,0,5000,0.208,0.216,0.576,0.0,0.0,0.0,1080,0.216
8600,0.3148,0.6852,0.0,58.59987627936825,0.21385191703582146,0.0,3682.3999999999996,3682.3999999999996,1.3856268279069737,1028,1092,2880,0,0,0,5000,0.2056,0.2184,0.576,0.0,0.0,0.0,1092,0.2184
8700,0.2744,0.7256,0.0,57.48033194310407,0.23767887631291593,0.0,3222.8,3222.8,1.3866835678160894,796,1152,3052,0,0,0,5000,0.1592,0.2304,0.6104,0.0,0.0,0.0,1152,0.2304
8800,0.25,0.75,0.0,54.691629962054556,0.25068634942733303,0.0,3426.0,3426.0,1.3857856909090884,696,1108,3196,0,0,0,5000,0.1392,0.2216,0.6392,0.0,0.0,0.0,1108,0.2216
8900,0.286,0.714,0.0,55.634827099045296,0.26806645329534323,0.0,3421.2,3421.2,1.3866306696629194,935,990,3075,0,0,0,5000,0.187,0.198,0.615,0.0,0.0,0.0,990,0.198
9000,0.3224,0.6776,0.0,54.01423255463291,0.29960401090514743,0.0,4090.8,4090.8,1.3874949511111077,1000,1224,2776,0,0,0,5000,0.2,0.2448,0.5552,0.0,0.0,0.0,1224,0.2448
9100,0.2732,0.7268,0.0,41.80622518426249,0.4038511533570318,0.0,3435.2,3435.2,1.3866191824175793,842,1048,3110,0,0,0,5000,0.1684,0.2096,0.622,0.0,0.0,0.0,1048,0.2096
9200,0.2744,0.7256,0.0,36.493928953344984,0.4502689690161045,0.0,3164.3999999999996,3164.3999999999996,1.3855256869565191,937,870,3193,0,0,0,5000,0.1874,0.174,0.6386,0.0,0.0,0.0,870,0.174
9300,0.182,0.818,0.0,35.23693237269284,0.4575219245895383,0.0,2428.3999999999996,2428.3999999999996,1.3844937806451583,526,768,3706,0,0,0,5000,0.1052,0.1536,0.7412,0.0,0.0,0.0,768,0.1536
9400,0.3236,0.6764,0.0,33.604152537425925,0.48679535738647234,0.0,3850.3999999999996,3850.3999999999996,1.382504646808508,1046,1144,2810,0,0,0,5000,0.2092,0.2288,0.562,0.0,0.0,0.0,1144,0.2288
9500,0.2284,0.7716,0.0,35.10884329715073,0.4570025173616231,0.0,2722.4,2722.4,1.3820890442105236,725,834,3441,0,0,0,5000,0.145,0.1668,0.6882,0.0,0.0,0.0,834,0.1668
9600,0.2468,0.7532,0.0,32.183333897956835,0.49055333885026586,0.0,3086.3999999999996,3086.3999999999996,1.3807943333333308,771,926,3303,0,0,0,5000,0.1542,0.1852,0.6606,0.0,0.0,0.0,926,0.1852
9700,0.3,0.7,0.0,40.61479352983152,0.4185871282552325,0.0,3608.0,3608.0,1.3806569402061832,964,1072,2964,0,0,0,5000,0.1928,0.2144,0.5928,0.0,0.0,0.0,1072,0.2144
9800,0.3196,0.6804,0.0,40.960939678015464,0.4266670771108501,0.0,3844.4,3844.4,1.380085273469384,1058,1080,2862,0,0,0,5000,0.2116,0.216,0.5724,0.0,0.0,0.0,1080,0.216
9900,0.2272,0.7728,0.0,49.80752825237145,0.3062620939661351,0.0,2946.3999999999996,2946.3999999999996,1.381541527272723,643,986,3371,0,0,0,5000,0.1286,0.1972,0.6742,0.0,0.0,0.0,986,0.1972
10000,0.3168,0.6832,0.0,56.310872314004996,0.26137706235477537,0.0,4019.6,4019.6,1.3822444959999958,1016,1136,2848,0,0,0,5000,0.2032,0.2272,0.5696,0.0,0.0,0.0,1136,0.2272
10100,0.2156,0.7844,0.0,46.69869158079718,0.3157035175447876,0.0,2600.0,2600.0,1.3814476356435619,674,808,3518,0,0,0,5000,0.1348,0.1616,0.7036,0.0,0.0,0.0,808,0.1616
10200,0.3184,0.6816,0.0,48.66310554982746,0.3408994135143441,0.0,3702.8,3702.8,1.3810739137254886,1056,1072,2872,0,0,0,5000,0.2112,0.2144,0.5744,0.0,0.0,0.0,1072,0.2144
10300,0.2364,0.7636,0.0,50.84850158160137,0.30190334189055096,0.0,2745.6,2745.6,1.3821872776699005,772,820,3408,0,0,0,5000,0.1544,0.164,0.6816,0.0,0.0,0.0,820,0.164
10400,0.3152,0.6848,0.0,57.77260606175328,0.22827759386711738,0.0,3744.0,3744.0,1.3833479076923052,1039,1074,2887,0,0,0,5000,0.2078,0.2148,0.5774,0.0,0.0,0.0,1074,0.2148
10500,0.2308,0.7692,0.0,43.586178145800254,0.38217916568806104,0.0,2878.4,2878.4,1.3816562742857121,687,934,3379,0,0,0,5000,0.1374,0.1868,0.6758,0.0,0.0,0.0,934,0.1868
10600,0.326,0.674,0.0,52.22499598380966,0.31416507668924537,0.0,4083.2000000000003,4083.2000000000003,1.381936377358489,1062,1136,2802,0,0,0,5000,0.2124,0.2272,0.5604,0.0,0.0,0.0,1136,0.2272
10700,0.266,0.734,0.0,54.99745226595777,0.2644787418580074,0.0,3342.4,3342.4,1.3832209495327084,808,1044,3148,0,0,0,5000,0.1616,0.2088,0.6296,0.0,0.0,0.0,1044,0.2088
10800,0.2572,0.7428,0.0,54.93872206980039,0.2529300068370483,0.0,3087.6,3087.6,1.384239540740738,835,902,3263,0,0,0,5000,0.167,0.1804,0.6526,0.0,0.0,0.0,902,0.1804
10900,0.3432,0.6568,0.0,56.487347894976594,0.2590880010659968,0.0,4250.4,4250.4,1.3847625834862372,1076,1280,2644,0,0,0,5000,0.2152,0.256,0.5288,0.0,0.0,0.0,1280,0.256
11000,0.292,0.708,0.0,51.53955404253594,0.3197248213887656,0.0,3608.8,3608.8,1.3845215127272716,892,1136,2972,0,0,0,5000,0.1784,0.2272,0.5944,0.0,0.0,0.0,1136,0.2272
11100,0.3312,0.6688,0.0,51.43013128016738,0.3204337083988823,0.0,3926.0,3926.0,1.384883372972971,1092,1128,2780,0,0,0,5000,0.2184,0.2256,0.556,0.0,0.0,0.0,1128,0.2256
11200,0.2876,0.7124,0.0,44.41106251529682,0.39663950636260087,0.0,3475.2,3475.2,1.3845732285714272,930,1016,3054,0,0,0,5000,0.186,0.2032,0.6108,0.0,0.0,0.0,1016,0.2032
11300,0.2708,0.7292,0.0,47.69388865333479,0.3458787059634192,0.0,3531.2,3531.2,1.3845964176991146,817,1074,3109,0,0,0,5000,0.1634,0.2148,0.6218,0.0,0.0,0.0,1074,0.2148
11400,0.3344,0.6656,0.0,55.13998736443792,0.2839857105440636,0.0,4200.0,4200.0,1.3853712421052626,1098,1148,2754,0,0,0,5000,0.2196,0.2296,0.5508,0.0,0.0,0.0,1148,0.2296
11500,0.352,0.648,0.0,54.26444200102363,0.2774408220959767,0.0,4057.2,4057.2,1.3849945043478267,1181,1158,2661,0,0,0,5000,0.2362,0.2316,0.5322,0.0,0.0,0.0,1158,0.2316
11600,0.2968,0.7032,0.0,58.20258296482043,0.2427791710037003,0.0,3729.2000000000003,3729.2000000000003,1.3867685241379308,950,1068,2982,0,0,0,5000,0.19,0.2136,0.5964,0.0,0.0,0.0,1068,0.2136
11700,0.256,0.744,0.0,54.47695838677575,0.26322393020875134,0.0,3236.3999999999996,3236.3999999999996,1.3868318358974367,770,1020,3210,0,0,0,5000,0.154,0.204,0.642,0.0,0.0,0.0,1020,0.204
11800,0.3116,0.6884,0.0,52.02454540947468,0.30823657595822673,0.0,3680.4,3680.4,1.3866118372881366,1074,968,2958,0,0,0,5000,0.2148,0.1936,0.5916,0.0,0.0,0.0,968,0.1936
11900,0.3016,0.6984,0.0,51.90970342119243,0.30877593641122325,0.0,3566.0,3566.0,1.3873350050420177,988,1040,2972,0,0,0,5000,0.1976,0.208,0.5944,0.0,0.0,0.0,1040,0.208
12000,0.2048,0.7952,0.0,44.24568038141958,0.36549066245015,0.0,2428.4,2428.4,1.3859428666666673,638,772,3590,0,0,0,5000,0.1276,0.1544,0.718,0.0,0.0,0.0,772,0.1544
12100,0.2956,0.7044,0.0,38.109200998587745,0.4406919125568568,0.0,3589.6000000000004,3589.6000000000004,1.3845575801652916,948,1060,2992,0,0,0,5000,0.1896,0.212,0.5984,0.0,0.0,0.0,1060,0.212
12200,0.2748,0.7252,0.0,44.17033431715511,0.39242473391225746,0.0,3535.6000000000004,3535.6000000000004,1.3852943213114788,822,1104,3074,0,0,0,5000,0.1644,0.2208,0.6148,0.0,0.0,0.0,1104,0.2208
12300,0.2736,0.7264,0.0,40.815838219938065,0.41395334039729276,0.0,3430.0,3430.0,1.3842299837398409,854,1028,3118,0,0,0,5000,0.1708,0.2056,0.6236,0.0,0.0,0.0,1028,0.2056
12400,0.2212,0.7788,0.0,40.52311770840212,0.4161712593210606,0.0,2778.4,2778.4,1.3835490451612937,662,888,3450,0,0,0,5000,0.1324,0.1776,0.69,0.0,0.0,0.0,888,0.1776
12500,0.2828,0.7172,0.0,33.24573154598489,0.49663378266025976,0.0,3374.3999999999996,3374.3999999999996,1.381959385600004,927,974,3099,0,0,0,5000,0.1854,0.1948,0.6198,0.0,0.0,0.0,974,0.1948
12600,0.2868,0.7132,0.0,37.443434815789466,0.4552012887493408,0.0,3642.3999999999996,3642.3999999999996,1.381994730158734,867,1134,2999,0,0,0,5000,0.1734,0.2268,0.5998,0.0,0.0,0.0,1134,0.2268
12700,0.2692,0.7308,0.0,32.625035472517105,0.49184280601567876,0.0,3274.0,3274.0,1.380801222047248,838,1016,3146,0,0,0,5000,0.1676,0.2032,0.6292,0.0,0.0,0.0,1016,0.2032
12800,0.2376,0.7624,0.0,36.49907326393302,0.45609640962063636,0.0,2988.0,2988.0,1.3806356875000039,734,908,3358,0,0,0,5000,0.1468,0.1816,0.6716,0.0,0.0,0.0,908,0.1816
12900,0.3,0.7,0.0,47.09258213887769,0.3599123613504874,0.0,3484.8,3484.8,1.3813034170542666,936,1128,2936,0,0,0,5000,0.1872,0.2256,0.5872,0.0,0.0,0.0,1128,0.2256
13000,0.2968,0.7032,0.0,49.34585108593215,0.3318879499134625,0.0,3646.8,3646.8,1.3814864492307708,928,1112,2960,0,0,0,5000,0.1856,0.2224,0.592,0.0,0.0,0.0,1112,0.2224
13100,0.3292,0.6708,0.0,58.67990622680108,0.23977212950846402,0.0,4006.0,4006.0,1.3825991206106898,1045,1202,2753,0,0,0,5000,0.209,0.2404,0.5506,0.0,0.0,0.0,1202,0.2404
13200,0.2936,0.7064,0.0,53.77050925942024,0.27832710620548734,0.0,3599.6,3599.6,1.3826015030303072,947,1042,3011,0,0,0,5000,0.1894,0.2084,0.6022,0.0,0.0,0.0,1042,0.2084
13300,0.2412,0.7588,0.0,53.42696792091588,0.2632272514526202,0.0,2917.6,2917.6,1.3827361804511324,704,1004,3292,0,0,0,5000,0.1408,0.2008,0.6584,0.0,0.0,0.0,1004,0.2008
13400,0.26,0.74,0.0,47.44772304933243,0.3461698580264027,0.0,3108.8,3108.8,1.3823734925373188,878,844,3278,0,0,0,5000,0.1756,0.1688,0.6556,0.0,0.0,0.0,844,0.1688
13500,0.242,0.758,0.0,47.753795020794286,0.3316259351504123,0.0,2896.0,2896.0,1.3827663525925962,738,944,3318,0,0,0,5000,0.1476,0.1888,0.6636,0.0,0.0,0.0,944,0.1888
13600,0.2732,0.7268,0.0,42.806698998446585,0.38895585770331004,0.0,3240.8,3240.8,1.3819264235294153,830,1072,3098,0,0,0,5000,0.166,0.2144,0.6196,0.0,0.0,0.0,1072,0.2144
13700,0.2732,0.7268,0.0,49.82333780616785,0.32775863109219944,0.0,3331.6000000000004,3331.6000000000004,1.3824963620437993,850,1032,3118,0,0,0,5000,0.17,0.2064,0.6236,0.0,0.0,0.0,1032,0.2064
13800,0.3068,0.6932,0.0,57.552441911137514,0.24264505765532882,0.0,3751.2,3751.2,1.382995675362323,952,1164,2884,0,0,0,5000,0.1904,0.2328,0.5768,0.0,0.0,0.0,1164,0.2328
13900,0.266,0.734,0.0,49.92260250014837,0.3071035428741619,0.0,3282.0,3282.0,1.3825584575539624,871,918,3211,0,0,0,5000,0.1742,0.1836,0.6422,0.0,0.0,0.0,918,0.1836
14000,0.2948,0.7052,0.0,56.736383713731634,0.2510082569348672,0.0,3737.6000000000004,3737.6000000000004,1.3832532571428628,870,1208,2922,0,0,0,5000,0.174,0.2416,0.5844,0.0,0.0,0.0,1208,0.2416
14100,0.3176,0.6824,0.0,54.94517795915461,0.2683436332295736,0.0,3991.2,3991.2,1.3832149900709283,976,1224,2800,0,0,0,5000,0.1952,0.2448,0.56,0.0,0.0,0.0,1224,0.2448
14200,0.2876,0.7124,0.0,55.56341222354865,0.24678920739101984,0.0,3496.0,3496.0,1.38350104788733,899,1078,3023,0,0,0,5000,0.1798,0.2156,0.6046,0.0,0.0,0.0,1078,0.2156
14300,0.2692,0.7308,0.0,50.79537615557993,0.2931714997086082,0.0,3364.0,3364.0,1.3826915916083973,823,1046,3131,0,0,0,5000,0.1646,0.2092,0.6262,0.0,0.0,0.0,1046,0.2092
14400,0.2756,0.7244,0.0,50.38530529312422,0.2977118507193998,0.0,3344.4,3344.4,1.3822408666666723,831,1094,3075,0,0,0,5000,0.1662,0.2188,0.615,0.0,0.0,0.0,1094,0.2188
14500,0.2696,0.7304,0.0,40.36875779490404,0.4233862032310766,0.0,3174.0,3174.0,1.380984960000006,859,978,3163,0,0,0,5000,0.1718,0.1956,0.6326,0.0,0.0,0.0,978,0.1956
14600,0.3148,0.6852,0.0,44.86210332361972,0.3692632599503823,0.0,3732.0,3732.0,1.3810210410958956,1051,1046,2903,0,0,0,5000,0.2102,0.2092,0.5806,0.0,0.0,0.0,1046,0.2092
14700,0.2504,0.7496,0.0,41.97205002716087,0.3988389932638469,0.0,3115.2000000000003,3115.2000000000003,1.3802586775510257,740,1024,3236,0,0,0,5000,0.148,0.2048,0.6472,0.0,0.0,0.0,1024,0.2048
14800,0.2264,0.7736,0.0,43.50011747535096,0.3858722468484945,0.0,2720.0,2720.0,1.3799629081081144,730,804,3466,0,0,0,5000,0.146,0.1608,0.6932,0.0,0.0,0.0,804,0.1608
14900,0.2884,0.7116,0.0,49.905558893043,0.3082336982239173,0.0,3382.8,3382.8,1.3802234416107437,944,996,3060,0,0,0,5000,0.1888,0.1992,0.612,0.0,0.0,0.0,996,0.1992
15000,0.2988,0.7012,0.0,51.73672776615449,0.29391784921490893,0.0,3601.2000000000003,3601.2000000000003,1.380341482666673,929,1130,2941,0,0,0,5000,0.1858,0.226,0.5882,0.0,0.0,0.0,1130,0.226
15100,0.29,0.71,0.0,51.57679445877474,0.2855175865258121,0.0,3225.5999999999995,3225.5999999999995,1.3807379284768269,995,910,3095,0,0,0,5000,0.199,0.182,0.619,0.0,0.0,0.0,910,0.182
15200,0.3392,0.6608,0.0,53.497736676440354,0.28976697063812107,0.0,4024.4,4024.4,1.3809052421052688,1171,1050,2779,0,0,0,5000,0.2342,0.21,0.5558,0.0,0.0,0.0,1050,0.21
15300,0.282,0.718,0.0,53.59411373458733,0.28257957203000383,0.0,3616.7999999999997,3616.7999999999997,1.3815065934640571,852,1116,3032,0,0,0,5000,0.1704,0.2232,0.6064,0.0,0.0,0.0,1116,0.2232
15400,0.2224,0.7776,0.0,47.303032662971816,0.3470981316876402,0.0,2837.2000000000003,2837.2000000000003,1.3809888519480573,608,1008,3384,0,0,0,5000,0.1216,0.2016,0.6768,0.0,0.0,0.0,1008,0.2016
15500,0.3104,0.6896,0.0,47.16026837788085,0.3631560947226131,0.0,3733.2000000000003,3733.2000000000003,1.3805378890322633,1017,1070,2913,0,0,0,5000,0.2034,0.214,0.5826,0.0,0.0,0.0,1070,0.214
15600,0.2968,0.7032,0.0,52.88943624112034,0.30041070472444537,0.0,3679.2,3679.2,1.3812528102564152,902,1164,2934,0,0,0,5000,0.1804,0.2328,0.5868,0.0,0.0,0.0,1164,0.2328
15700,0.242,0.758,0.0,48.25949717541154,0.31551838373228447,0.0,2933.2,2933.2,1.3810159694267568,747,926,3327,0,0,0,5000,0.1494,0.1852,0.6654,0.0,0.0,0.0,926,0.1852
15800,0.2436,0.7564,0.0,39.83911237133264,0.43404393883136405,0.0,2903.6000000000004,2903.6000000000004,1.379957286075954,720,996,3284,0,0,0,5000,0.144,0.1992,0.6568,0.0,0.0,0.0,996,0.1992
15900,0.3644,0.6356,0.0,45.44303126680366,0.40824761698177703,0.0,4221.2,4221.2,1.3801828930817648,1276,1092,2632,0,0,0,5000,0.2552,0.2184,0.5264,0.0,0.0,0.0,1092,0.2184
16000,0.2644,0.7356,0.0,48.69403146259528,0.32941713479841506,0.0,3170.0,3170.0,1.3805277500000037,806,1032,3162,0,0,0,5000,0.1612,0.2064,0.6324,0.0,0.0,0.0,1032,0.2064
16100,0.2584,0.7416,0.0,39.67735998348015,0.436464983002725,0.0,3193.6000000000004,3193.6000000000004,1.380044511801246,769,1046,3185,0,0,0,5000,0.1538,0.2092,0.637,0.0,0.0,0.0,1046,0.2092
16200,0.2824,0.7176,0.0,40.76539422720059,0.41993091331454147,0.0,3314.0,3314.0,1.3801558716049418,929,966,3105,0,0,0,5000,0.1858,0.1932,0.621,0.0,0.0,0.0,966,0.1932
16300,0.2988,0.7012,0.0,42.59857711067021,0.40168120327485374,0.0,3762.0,3762.0,1.3801272343558317,944,1100,2956,0,0,0,5000,0.1888,0.22,0.5912,0.0,0.0,0.0,1100,0.22
16400,0.34,0.66,0.0,41.540411085028445,0.42794949976015806,0.0,3962.8,3962.8,1.3804234926829302,1118,1164,2718,0,0,0,5000,0.2236,0.2328,0.5436,0.0,0.0,0.0,1164,0.2328
16500,0.3048,0.6952,0.0,51.739881811284484,0.3181545331287301,0.0,3791.6,3791.6,1.381727728484852,967,1114,2919,0,0,0,5000,0.1934,0.2228,0.5838,0.0,0.0,0.0,1114,0.2228
16600,0.3344,0.6656,0.0,54.947893698379936,0.2738194328150386,0.0,4012.7999999999997,4012.7999999999997,1.3822453012048226,1084,1176,2740,0,0,0,5000,0.2168,0.2352,0.548,0.0,0.0,0.0,1176,0.2352
16700,0.2592,0.7408,0.0,42.43707093894282,0.40611933596774186,0.0,3134.3999999999996,3134.3999999999996,1.3814259353293443,841,910,3249,0,0,0,5000,0.1682,0.182,0.6498,0.0,0.0,0.0,910,0.182
16800,0.2216,0.7784,0.0,35.18236707833431,0.4690309955603343,0.0,2771.5999999999995,2771.5999999999995,1.3804234095238126,652,912,3436,0,0,0,5000,0.1304,0.1824,0.6872,0.0,0.0,0.0,912,0.1824
16900,0.3612,0.6388,0.0,36.90498578794473,0.47054015587363,0.0,4350.8,4350.8,1.3800752378698253,1209,1194,2597,0,0,0,5000,0.2418,0.2388,0.5194,0.0,0.0,0.0,1194,0.2388
17000,0.3392,0.6608,0.0,51.49555486031681,0.3178863682316321,0.0,4040.7999999999997,4040.7999999999997,1.3810227576470613,1090,1212,2698,0,0,0,5000,0.218,0.2424,0.5396,0.0,0.0,0.0,1212,0.2424
17100,0.2652,0.7348,0.0,50.280575438470215,0.3082073802586146,0.0,3294.4,3294.4,1.3812889263157924,819,1014,3167,0,0,0,5000,0.1638,0.2028,0.6334,0.0,0.0,0.0,1014,0.2028
17200,0.3004,0.6996,0.0,55.83456951654629,0.2519398158187304,0.0,3607.6,3607.6,1.3815651813953516,947,1110,2943,0,0,0,5000,0.1894,0.222,0.5886,0.0,0.0,0.0,1110,0.222
17300,0.2412,0.7588,0.0,46.75597033831984,0.34708613411244016,0.0,2970.0,2970.0,1.3811378589595398,736,940,3324,0,0,0,5000,0.1472,0.188,0.6648,0.0,0.0,0.0,940,0.188
17400,0.2472,0.7528,0.0,43.62779640132145,0.38758635663916974,0.0,3177.6000000000004,3177.6000000000004,1.3805851126436806,750,972,3278,0,0,0,5000,0.15,0.1944,0.6556,0.0,0.0,0.0,972,0.1944
17500,0.298,0.702,0.0,21.198329268607015,0.5940645364447394,0.0,3578.3999999999996,3578.3999999999996,1.3784513005714314,962,1056,2982,0,0,0,5000,0.1924,0.2112,0.5964,0.0,0.0,0.0,1056,0.2112
17600,0.3376,0.6624,0.0,44.786129338699205,0.3864922092600473,0.0,4030.0,4030.0,1.3792137181818207,1099,1178,2723,0,0,0,5000,0.2198,0.2356,0.5446,0.0,0.0,0.0,1178,0.2356
17700,0.3128,0.6872,0.0,55.6397247946664,0.285274520364076,0.0,3742.4000000000005,3742.4000000000005,1.3801903005649747,994,1140,2866,0,0,0,5000,0.1988,0.228,0.5732,0.0,0.0,0.0,1140,0.228
17800,0.244,0.756,0.0,50.07831139876385,0.32522005275322724,0.0,3068.8,3068.8,1.3801031101123624,729,982,3289,0,0,0,5000,0.1458,0.1964,0.6578,0.0,0.0,0.0,982,0.1964
17900,0.368,0.632,0.0,53.513504806257075,0.28048190242327786,0.0,4232.0,4232.0,1.380496813407824,1270,1140,2590,0,0,0,5000,0.254,0.228,0.518,0.0,0.0,0.0,1140,0.228
18000,0.2916,0.7084,0.0,59.72119013959067,0.22019438865659147,0.0,3568.3999999999996,3568.3999999999996,1.381782595555558,930,1056,3014,0,0,0,5000,0.186,0.2112,0.6028,0.0,0.0,0.0,1056,0.2112
18100,0.2552,0.7448,0.0,49.608310812682085,0.2854308627485881,0.0,3181.6000000000004,3181.6000000000004,1.3811125745856376,794,964,3242,0,0,0,5000,0.1588,0.1928,0.6484,0.0,0.0,0.0,964,0.1928
18200,0.2732,0.7268,0.0,55.28565365075934,0.27104715596244117,0.0,3528.0,3528.0,1.3812003340659365,809,1114,3077,0,0,0,5000,0.1618,0.2228,0.6154,0.0,0.0,0.0,1114,0.2228
18300,0.2644,0.7356,0.0,49.7533463486292,0.32349912955693827,0.0,3045.2,3045.2,1.3810099759562864,801,1042,3157,0,0,0,5000,0.1602,0.2084,0.6314,0.0,0.0,0.0,1042,0.2084
18400,0.2532,0.7468,0.0,57.19749636892921,0.24977178804439798,0.0,3179.6,3179.6,1.3818406000000025,792,948,3260,0,0,0,5000,0.1584,0.1896,0.652,0.0,0.0,0.0,948,0.1896
18500,0.2356,0.7644,0.0,43.381218601051934,0.40292491264063846,0.0,3021.6,3021.6,1.3810910183783809,720,916,3364,0,0,0,5000,0.144,0.1832,0.6728,0.0,0.0,0.0,916,0.1832
18600,0.2192,0.7808,0.0,29.47391896057802,0.5237864946582751,0.0,2683.2,2683.2,1.37983052043011,658,876,3466,0,0,0,5000,0.1316,0.1752,0.6932,0.0,0.0,0.0,876,0.1752
18700,0.3068,0.6932,0.0,34.348011610667115,0.48664623614859776,0.0,3702.0,3702.0,1.3795502973262066,986,1096,2918,0,0,0,5000,0.1972,0.2192,0.5836,0.0,0.0,0.0,1096,0.2192
18800,0.2948,0.7052,0.0,45.42842854902391,0.3742882730727338,0.0,3553.6000000000004,3553.6000000000004,1.3802097446808548,963,1022,3015,0,0,0,5000,0.1926,0.2044,0.603,0.0,0.0,0.0,1022,0.2044
18900,0.2584,0.7416,0.0,57.18468543967642,0.24730410132978245,0.0,3311.2,3311.2,1.3814161947089991,695,1194,3111,0,0,0,5000,0.139,0.2388,0.6222,0.0,0.0,0.0,1194,0.2388
19000,0.29,0.71,0.0,50.10320149457627,0.31923550418571717,0.0,3485.6000000000004,3485.6000000000004,1.381235983157899,990,920,3090,0,0,0,5000,0.198,0.184,0.618,0.0,0.0,0.0,920,0.184
19100,0.2696,0.7304,0.0,50.805674653083585,0.317648687070484,0.0,3537.6,3537.6,1.3811900816753973,831,1034,3135,0,0,0,5000,0.1662,0.2068,0.627,0.0,0.0,0.0,1034,0.2068
19200,0.3088,0.6912,0.0,39.13399050573579,0.4469571969538988,0.0,3658.0,3658.0,1.3799804666666706,1032,1024,2944,0,0,0,5000,0.2064,0.2048,0.5888,0.0,0.0,0.0,1024,0.2048
19300,0.3208,0.6792,0.0,50.980328916129906,0.29753685929273666,0.0,3951.6,3951.6,1.3803372020725426,986,1236,2778,0,0,0,5000,0.1972,0.2472,0.5556,0.0,0.0,0.0,1236,0.2472
19400,0.2744,0.7256,0.0,53.585503281124446,0.27662655158465926,0.0,3459.2000000000003,3459.2000000000003,1.3803960659793855,836,1072,3092,0,0,0,5000,0.1672,0.2144,0.6184,0.0,0.0,0.0,1072,0.2144
19500,0.3428,0.6572,0.0,57.78645411550668,0.2473753776213803,0.0,4099.2,4099.2,1.3810729928205172,1162,1104,2734,0,0,0,5000,0.2324,0.2208,0.5468,0.0,0.0,0.0,1104,0.2208
19600,0.2948,0.7052,0.0,60.07796452043394,0.22994704843048802,0.0,3871.2000000000003,3871.2000000000003,1.3820372734693933,850,1248,2902,0,0,0,5000,0.17,0.2496,0.5804,0.0,0.0,0.0,1248,0.2496
19700,0.2316,0.7684,0.0,52.49071178961115,0.26829152257881483,0.0,2752.0,2752.0,1.3820088852791934,710,896,3394,0,0,0,5000,0.142,0.1792,0.6788,0.0,0.0,0.0,896,0.1792
19800,0.3064,0.6936,0.0,50.80029478603287,0.32050598122851115,0.0,3597.6,3597.6,1.381917551515159,1027,1010,2963,0,0,0,5000,0.2054,0.202,0.5926,0.0,0.0,0.0,1010,0.202
19900,0.2716,0.7284,0.0,51.07925057402364,0.31025951154536857,0.0,3121.2,3121.2,1.3819604422110625,887,942,3171,0,0,0,5000,0.1774,0.1884,0.6342,0.0,0.0,0.0,942,0.1884
20000,0.23,0.77,0.0,31.306366548312344,0.5004937784710195,0.0,2800.0,2800.0,1.380634296000008,726,848,3426,0,0,0,5000,0.1452,0.1696,0.6852,0.0,0.0,0.0,848,0.1696
20100,0.242,0.758,0.0,39.10037698566316,0.4298738731294467,0.0,2906.3999999999996,2906.3999999999996,1.3806532537313514,757,906,3337,0,0,0,5000,0.1514,0.1812,0.6674,0.0,0.0,0.0,906,0.1812
20200,0.2084,0.7916,0.0,25.246745704048973,0.5577007059458959,0.0,2649.6,2649.6,1.3794949386138677,619,846,3535,0,0,0,5000,0.1238,0.1692,0.707,0.0,0.0,0.0,846,0.1692
20300,0.2852,0.7148,0.0,24.936521252819254,0.566146747936854,0.0,3638.8,3638.8,1.378782321182272,880,1092,3028,0,0,0,5000,0.176,0.2184,0.6056,0.0,0.0,0.0,1092,0.2184
20400,0.2456,0.7544,0.0,35.957427212094146,0.45508549489626315,0.0,3062.0,3062.0,1.3790617098039275,736,984,3280,0,0,0,5000,0.1472,0.1968,0.656,0.0,0.0,0.0,984,0.1968
20500,0.2992,0.7008,0.0,41.196960620476915,0.4210806646344393,0.0,3580.3999999999996,3580.3999999999996,1.379099278048788,980,1032,2988,0,0,0,5000,0.196,0.2064,0.5976,0.0,0.0,0.0,1032,0.2064
20600,0.206,0.794,0.0,34.11768672206538,0.4865664503142444,0.0,2448.0,2448.0,1.3783083184466096,645,770,3585,0,0,0,5000,0.129,0.154,0.717,0.0,0.0,0.0,770,0.154
20700,0.204,0.796,0.0,27.754357212155586,0.5429006554170663,0.0,2507.2000000000003,2507.2000000000003,1.3770791033816498,635,770,3595,0,0,0,5000,0.127,0.154,0.719,0.0,0.0,0.0,770,0.154
20800,0.3096,0.6904,0.0,37.68877497311122,0.45871111716042845,0.0,3552.0,3552.0,1.3772819000000054,1035,1026,2939,0,0,0,5000,0.207,0.2052,0.5878,0.0,0.0,0.0,1026,0.2052
20900,0.254,0.746,0.0,44.56118427596346,0.39221651452515216,0.0,3102.0,3102.0,1.3780973244019181,808,924,3268,0,0,0,5000,0.1616,0.1848,0.6536,0.0,0.0,0.0,924,0.1848
21000,0.2708,0.7292,0.0,38.929932493565246,0.438276990419381,0.0,3530.0,3530.0,1.3776828952381004,808,1092,3100,0,0,0,5000,0.1616,0.2184,0.62,0.0,0.0,0.0,1092,0.2184
21100,0.3204,0.6796,0.0,39.25822824482628,0.44433081701147825,0.0,3739.6,3739.6,1.3772570919431328,1034,1136,2830,0,0,0,5000,0.2068,0.2272,0.566,0.0,0.0,0.0,1136,0.2272
21200,0.3012,0.6988,0.0,50.43550130802019,0.3211003228244934,0.0,3451.2,3451.2,1.3779661811320807,983,1046,2971,0,0,0,5000,0.1966,0.2092,0.5942,0.0,0.0,0.0,1046,0.2092
21300,0.3108,0.6892,0.0,56.29589600083805,0.2556542523048374,0.0,3832.4,3832.4,1.378485904225356,1000,1108,2892,0,0,0,5000,0.2,0.2216,0.5784,0.0,0.0,0.0,1108,0.2216
21400,0.3488,0.6512,0.0,54.96231768971619,0.2755245018270037,0.0,4159.200000000001,4159.200000000001,1.3786632074766374,1153,1182,2665,0,0,0,5000,0.2306,0.2364,0.533,0.0,0.0,0.0,1182,0.2364
21500,0.2936,0.7064,0.0,52.72540393889356,0.2933062979632723,0.0,3510.4,3510.4,1.3787136669767457,915,1106,2979,0,0,0,5000,0.183,0.2212,0.5958,0.0,0.0,0.0,1106,0.2212
21600,0.376,0.624,0.0,55.52553827721496,0.2863359653523589,0.0,4566.4,4566.4,1.3791493037037044,1271,1218,2511,0,0,0,5000,0.2542,0.2436,0.5022,0.0,0.0,0.0,1218,0.2436
21700,0.26,0.74,0.0,48.22568525696352,0.3159154231957821,0.0,3062.0,3062.0,1.3789845824884808,840,920,3240,0,0,0,5000,0.168,0.184,0.648,0.0,0.0,0.0,920,0.184
21800,0.2688,0.7312,0.0,44.53830009730769,0.3813185783057706,0.0,3087.2,3087.2,1.3788491302752308,915,858,3227,0,0,0,5000,0.183,0.1716,0.6454,0.0,0.0,0.0,858,0.1716
21900,0.3128,0.6872,0.0,43.15757965545637,0.4042478631767502,0.0,3696.4000000000005,3696.4000000000005,1.378753753424659,1034,1060,2906,0,0,0,5000,0.2068,0.212,0.5812,0.0,0.0,0.0,1060,0.212
22000,0.2884,0.7116,0.0,44.664269280451336,0.37516992981480884,0.0,3582.3999999999996,3582.3999999999996,1.3788021381818194,883,1118,2999,0,0,0,5000,0.1766,0.2236,0.5998,0.0,0.0,0.0,1118,0.2236
22100,0.2948,0.7052,0.0,33.91674387138067,0.49515083018255696,0.0,3474.7999999999997,3474.7999999999997,1.3779630262443456,985,978,3037,0,0,0,5000,0.197,0.1956,0.6074,0.0,0.0,0.0,978,0.1956
22200,0.2228,0.7772,0.0,42.22537809175907,0.39289489469152156,0.0,2695.2000000000003,2695.2000000000003,1.3785519711711713,719,790,3491,0,0,0,5000,0.1438,0.158,0.6982,0.0,0.0,0.0,790,0.158
22300,0.2952,0.7048,0.0,41.998250728594094,0.4137006317805311,0.0,3581.2,3581.2,1.3785591461883422,951,1050,2999,0,0,0,5000,0.1902,0.21,0.5998,0.0,0.0,0.0,1050,0.21
22400,0.276,0.724,0.0,36.402946030004756,0.45539626274092965,0.0,3405.2,3405.2,1.3782459214285734,868,1024,3108,0,0,0,5000,0.1736,0.2048,0.6216,0.0,0.0,0.0,1024,0.2048
22500,0.2708,0.7292,0.0,48.13253656930651,0.3325763085166505,0.0,3288.0,3288.0,1.3787111395555587,844,1020,3136,0,0,0,5000,0.1688,0.204,0.6272,0.0,0.0,0.0,1020,0.204
22600,0.2956,0.7044,0.0,50.69638567411275,0.31703646251608514,0.0,3585.6,3585.6,1.3790910867256663,942,1072,2986,0,0,0,5000,0.1884,0.2144,0.5972,0.0,0.0,0.0,1072,0.2144
22700,0.2724,0.7276,0.0,58.11238025854526,0.24360003252074344,0.0,3504.3999999999996,3504.3999999999996,1.3799322784141004,813,1098,3089,0,0,0,5000,0.1626,0.2196,0.6178,0.0,0.0,0.0,1098,0.2196
22800,0.1856,0.8144,0.0,47.77902518349005,0.32606846648505056,0.0,2183.6,2183.6,1.3797667508771958,587,682,3731,0,0,0,5000,0.1174,0.1364,0.7462,0.0,0.0,0.0,682,0.1364
22900,0.25,0.75,0.0,19.24021435419853,0.6101851218219708,0.0,2860.4,2860.4,1.3777567720524055,869,762,3369,0,0,0,5000,0.1738,0.1524,0.6738,0.0,0.0,0.0,762,0.1524
23000,0.336,0.664,0.0,25.561454394224338,0.5622894951054488,0.0,4046.3999999999996,4046.3999999999996,1.377161467826092,1084,1192,2724,0,0,0,5000,0.2168,0.2384,0.5448,0.0,0.0,0.0,1192,0.2384
23100,0.2412,0.7588,0.0,39.97785075010471,0.43182173008352615,0.0,3214.0,3214.0,1.3776550649350698,678,1056,3266,0,0,0,5000,0.1356,0.2112,0.6532,0.0,0.0,0.0,1056,0.2112
23200,0.2812,0.7188,0.0,33.28469271666078,0.5109154463666377,0.0,3564.8,3564.8,1.3771169172413829,845,1122,3033,0,0,0,5000,0.169,0.2244,0.6066,0.0,0.0,0.0,1122,0.2244
23300,0.2532,0.7468,0.0,11.960354012884505,0.6242456803965077,0.0,3032.0,3032.0,1.3755063416309055,826,880,3294,0,0,0,5000,0.1652,0.176,0.6588,0.0,0.0,0.0,880,0.176
23400,0.3236,0.6764,0.0,13.74361745829938,0.6231055229301732,0.0,4064.0,4064.0,1.3748217846153885,1031,1174,2795,0,0,0,5000,0.2062,0.2348,0.559,0.0,0.0,0.0,1174,0.2348
23500,0.2716,0.7284,0.0,22.125107308350476,0.5715364300279797,0.0,3266.8,3266.8,1.3751350400000055,826,1064,3110,0,0,0,5000,0.1652,0.2128,0.622,0.0,0.0,0.0,1064,0.2128
23600,0.2992,0.7008,0.0,35.68403894164994,0.4578118767509243,0.0,3524.4,3524.4,1.3757296474576328,994,1004,3002,0,0,0,5000,0.1988,0.2008,0.6004,0.0,0.0,0.0,1004,0.2008
23700,0.2836,0.7164,0.0,50.66882882836464,0.3145544784331694,0.0,3456.4,3456.4,1.3766048067510608,919,998,3083,0,0,0,5000,0.1838,0.1996,0.6166,0.0,0.0,0.0,998,0.1996
23800,0.2596,0.7404,0.0,53.49503896179226,0.29058332763598127,0.0,3311.2,3311.2,1.3769746554621913,772,1052,3176,0,0,0,5000,0.1544,0.2104,0.6352,0.0,0.0,0.0,1052,0.2104
23900,0.2864,0.7136,0.0,55.676458233378895,0.25250729412466016,0.0,3646.0,3646.0,1.377271765690383,808,1248,2944,0,0,0,5000,0.1616,0.2496,0.5888,0.0,0.0,0.0,1248,0.2496
24000,0.2576,0.7424,0.0,48.34307459816,0.3309620616306068,0.0,3194.0,3194.0,1.3768942133333395,807,962,3231,0,0,0,5000,0.1614,0.1924,0.6462,0.0,0.0,0.0,962,0.1924
24100,0.2788,0.7212,0.0,52.22067443682018,0.290680466455812,0.0,3294.8,3294.8,1.3773208564315418,885,1018,3097,0,0,0,5000,0.177,0.2036,0.6194,0.0,0.0,0.0,1018,0.2036
24200,0.284,0.716,0.0,54.04943659954885,0.264540161932003,0.0,3453.9999999999995,3453.9999999999995,1.3777656066115767,896,1048,3056,0,0,0,5000,0.1792,0.2096,0.6112,0.0,0.0,0.0,1048,0.2096
24300,0.2972,0.7028,0.0,52.84219772855167,0.2817889631421622,0.0,3420.3999999999996,3420.3999999999996,1.3777590386831342,972,1028,3000,0,0,0,5000,0.1944,0.2056,0.6,0.0,0.0,0.0,1028,0.2056
24400,0.2848,0.7152,0.0,55.389282347002926,0.2602984829096017,0.0,3565.2,3565.2,1.3779568459016445,883,1082,3035,0,0,0,5000,0.1766,0.2164,0.607,0.0,0.0,0.0,1082,0.2164
24500,0.292,0.708,0.0,55.109284170277185,0.2594380848037792,0.0,3488.8,3488.8,1.3783665240816378,890,1140,2970,0,0,0,5000,0.178,0.228,0.594,0.0,0.0,0.0,1140,0.228
24600,0.2992,0.7008,0.0,56.69163101112229,0.2601710259365683,0.0,3729.6,3729.6,1.378739674796753,987,1018,2995,0,0,0,5000,0.1974,0.2036,0.599,0.0,0.0,0.0,1018,0.2036
24700,0.2984,0.7016,0.0,42.652867224963884,0.4125276574725984,0.0,3476.8,3476.8,1.3780833165991946,984,1016,3000,0,0,0,5000,0.1968,0.2032,0.6,0.0,0.0,0.0,1016,0.2032
24800,0.3212,0.6788,0.0,49.04000051081679,0.3521877727242787,0.0,3910.3999999999996,3910.3999999999996,1.3784136774193587,1018,1176,2806,0,0,0,5000,0.2036,0.2352,0.5612,0.0,0.0,0.0,1176,0.2352
24900,0.3428,0.6572,0.0,54.95742459321832,0.27785991371657126,0.0,4124.0,4124.0,1.379045956626508,1130,1168,2702,0,0,0,5000,0.226,0.2336,0.5404,0.0,0.0,0.0,1168,0.2336
25000,0.2776,0.7224,0.0,58.770188243287116,0.22438928849597448,0.0,3536.0,3536.0,1.3796696768000014,863,1050,3087,0,0,0,5000,0.1726,0.21,0.6174,0.0,0.0,0.0,1050,0.21
25100,0.3504,0.6496,0.0,61.4720515016919,0.20505272080930717,0.0,4099.6,4099.6,1.3802928382470132,1151,1202,2647,0,0,0,5000,0.2302,0.2404,0.5294,0.0,0.0,0.0,1202,0.2404
25200,0.208,0.792,0.0,54.70527903323569,0.25609361348793674,0.0,2731.6,2731.6,1.3803879238095256,591,898,3511,0,0,0,5000,0.1182,0.1796,0.7022,0.0,0.0,0.0,898,0.1796
25300,0.3344,0.6656,0.0,49.114282193607835,0.3343710060341895,0.0,4113.599999999999,4113.599999999999,1.3798502007905151,1062,1220,2718,0,0,0,5000,0.2124,0.244,0.5436,0.0,0.0,0.0,1220,0.244
25400,0.2788,0.7212,0.0,49.94173213677116,0.3293849667413183,0.0,3478.3999999999996,3478.3999999999996,1.379842343307088,895,998,3107,0,0,0,5000,0.179,0.1996,0.6214,0.0,0.0,0.0,998,0.1996
25500,0.3356,0.6644,0.0,53.93952847254137,0.3029381521171022,0.0,4002.3999999999996,4002.3999999999996,1.3800873913725509,1096,1164,2740,0,0,0,5000,0.2192,0.2328,0.548,0.0,0.0,0.0,1164,0.2328
25600,0.2948,0.7052,0.0,56.06501533034742,0.252994654026094,0.0,3684.0,3684.0,1.3807105250000025,914,1120,2966,0,0,0,5000,0.1828,0.224,0.5932,0.0,0.0,0.0,1120,0.224
25700,0.2468,0.7532,0.0,51.608150657147156,0.28403336047084166,0.0,2968.8,2968.8,1.3805487128404699,766,936,3298,0,0,0,5000,0.1532,0.1872,0.6596,0.0,0.0,0.0,936,0.1872
25800,0.2648,0.7352,0.0,44.80502190960986,0.3694099559429548,0.0,3502.0,3502.0,1.3799745674418629,783,1082,3135,0,0,0,5000,0.1566,0.2164,0.627,0.0,0.0,0.0,1082,0.2164
25900,0.2836,0.7164,0.0,51.04056149620816,0.31277140926278013,0.0,3568.4,3568.4,1.380234761389964,853,1130,3017,0,0,0,5000,0.1706,0.226,0.6034,0.0,0.0,0.0,1130,0.226
26000,0.2044,0.7956,0.0,31.72651415007403,0.4864154183512007,0.0,2457.2,2457.2,1.3796166276923105,624,796,3580,0,0,0,5000,0.1248,0.1592,0.716,0.0,0.0,0.0,796,0.1592
26100,0.2528,0.7472,0.0,9.948516243008676,0.6235100130934033,0.0,3116.4,3116.4,1.378561373180079,843,842,3315,0,0,0,5000,0.1686,0.1684,0.663,0.0,0.0,0.0,842,0.1684
26200,0.3244,0.6756,0.0,10.079538223634875,0.62405333088124,0.0,3699.2,3699.2,1.3781148458015293,1106,1032,2862,0,0,0,5000,0.2212,0.2064,0.5724,0.0,0.0,0.0,1032,0.2064
26300,0.3464,0.6536,0.0,27.672612838790585,0.523287821829227,0.0,4276.4,4276.4,1.3785420714828929,1115,1234,2651,0,0,0,5000,0.223,0.2468,0.5302,0.0,0.0,0.0,1234,0.2468
26400,0.3252,0.6748,0.0,42.0440637485367,0.41723481665691114,0.0,3866.4,3866.4,1.3790092727272758,1093,1066,2841,0,0,0,5000,0.2186,0.2132,0.5682,0.0,0.0,0.0,1066,0.2132
26500,0.2512,0.7488,0.0,37.523347507310994,0.43983491688144094,0.0,2963.2,2963.2,1.37855894339623,818,876,3306,0,0,0,5000,0.1636,0.1752,0.6612,0.0,0.0,0.0,876,0.1752
26600,0.1968,0.8032,0.0,40.78070973629808,0.40594200916339795,0.0,2421.6,2421.6,1.3784768601503796,554,860,3586,0,0,0,5000,0.1108,0.172,0.7172,0.0,0.0,0.0,860,0.172
26700,0.2708,0.7292,0.0,46.13013553684003,0.3727717111489662,0.0,3310.7999999999997,3310.7999999999997,1.3784429662921382,821,1066,3113,0,0,0,5000,0.1642,0.2132,0.6226,0.0,0.0,0.0,1066,0.2132
26800,0.3412,0.6588,0.0,55.25353112021855,0.27997287596537174,0.0,4148.400000000001,4148.400000000001,1.3789462805970178,1096,1220,2684,0,0,0,5000,0.2192,0.244,0.5368,0.0,0.0,0.0,1220,0.244
26900,0.3336,0.6664,0.0,52.076745663731074,0.2947018245758712,0.0,4003.6000000000004,4003.6000000000004,1.3789009546468436,1091,1154,2755,0,0,0,5000,0.2182,0.2308,0.551,0.0,0.0,0.0,1154,0.2308
27000,0.3196,0.6804,0.0,54.93129685164555,0.2745698341307445,0.0,3950.8,3950.8,1.3791420918518547,1025,1146,2829,0,0,0,5000,0.205,0.2292,0.5658,0.0,0.0,0.0,1146,0.2292
27100,0.3076,0.6924,0.0,59.721872500330015,0.19503828235719467,0.0,3651.2,3651.2,1.3793967881918845,966,1144,2890,0,0,0,5000,0.1932,0.2288,0.578,0.0,0.0,0.0,1144,0.2288
27200,0.3008,0.6992,0.0,59.89601999269205,0.2353097389503142,0.0,3771.6000000000004,3771.6000000000004,1.3799815588235311,964,1080,2956,0,0,0,5000,0.1928,0.216,0.5912,0.0,0.0,0.0,1080,0.216
27300,0.3512,0.6488,0.0,53.72139850581944,0.28906769299652796,0.0,4136.4,4136.4,1.3800028131868158,1174,1164,2662,0,0,0,5000,0.2348,0.2328,0.5324,0.0,0.0,0.0,1164,0.2328
27400,0.2604,0.7396,0.0,46.739252632967826,0.3475612894385791,0.0,3038.8,3038.8,1.379876280291973,821,962,3217,0,0,0,5000,0.1642,0.1924,0.6434,0.0,0.0,0.0,962,0.1924
27500,0.3464,0.6536,0.0,53.36690961210159,0.2602737988573407,0.0,4079.6,4079.6,1.379914565818184,1243,978,2779,0,0,0,5000,0.2486,0.1956,0.5558,0.0,0.0,0.0,978,0.1956
27600,0.2508,0.7492,0.0,51.60038658930689,0.29166398040706504,0.0,3049.2,3049.2,1.3799192695652205,777,954,3269,0,0,0,5000,0.1554,0.1908,0.6538,0.0,0.0,0.0,954,0.1908
27700,0.2288,0.7712,0.0,46.17382240592148,0.33542744974466526,0.0,2750.4,2750.4,1.379889345848378,716,856,3428,0,0,0,5000,0.1432,0.1712,0.6856,0.0,0.0,0.0,856,0.1712
27800,0.3172,0.6828,0.0,51.86112354493378,0.31011039180283656,0.0,3806.3999999999996,3806.3999999999996,1.3799918964028801,1009,1154,2837,0,0,0,5000,0.2018,0.2308,0.5674,0.0,0.0,0.0,1154,0.2308
27900,0.2928,0.7072,0.0,55.94549887191583,0.2483154093744922,0.0,3627.2,3627.2,1.3804854824372788,930,1068,3002,0,0,0,5000,0.186,0.2136,0.6004,0.0,0.0,0.0,1068,0.2136
28000,0.2968,0.7032,0.0,59.6362283363187,0.2093514852292417,0.0,3458.3999999999996,3458.3999999999996,1.3809545942857178,942,1084,2974,0,0,0,5000,0.1884,0.2168,0.5948,0.0,0.0,0.0,1084,0.2168
28100,0.2152,0.7848,0.0,52.031057531777044,0.2822489523043709,0.0,2807.6,2807.6,1.3808682647686856,620,912,3468,0,0,0,5000,0.124,0.1824,0.6936,0.0,0.0,0.0,912,0.1824
28200,0.2936,0.7064,0.0,50.398190618094226,0.31139085521445214,0.0,3822.8,3822.8,1.3806226893617044,919,1098,2983,0,0,0,5000,0.1838,0.2196,0.5966,0.0,0.0,0.0,1098,0.2196
28300,0.2752,0.7248,0.0,47.744083092941494,0.3575986540230281,0.0,3368.4,3368.4,1.3806064961130768,877,998,3125,0,0,0,5000,0.1754,0.1996,0.625,0.0,0.0,0.0,998,0.1996
28400,0.3168,0.6832,0.0,43.51479150073468,0.40108859306531003,0.0,3684.0,3684.0,1.3805340732394387,1043,1082,2875,0,0,0,5000,0.2086,0.2164,0.575,0.0,0.0,0.0,1082,0.2164
28500,0.2744,0.7256,0.0,49.171207131871746,0.3288071330657338,0.0,3301.6,3301.6,1.380614933333336,860,1024,3116,0,0,0,5000,0.172,0.2048,0.6232,0.0,0.0,0.0,1024,0.2048
28600,0.2552,0.7448,0.0,49.86333603605769,0.29881335770220696,0.0,3185.2000000000003,3185.2000000000003,1.38058952727273,833,886,3281,0,0,0,5000,0.1666,0.1772,0.6562,0.0,0.0,0.0,886,0.1772
28700,0.3128,0.6872,0.0,53.20759796063127,0.2896463068044854,0.0,3886.8,3886.8,1.380744200696868,998,1132,2870,0,0,0,5000,0.1996,0.2264,0.574,0.0,0.0,0.0,1132,0.2264
28800,0.2008,0.7992,0.0,49.488785291202944,0.318040918128667,0.0,2603.2,2603.2,1.3808227333333374,575,858,3567,0,0,0,5000,0.115,0.1716,0.7134,0.0,0.0,0.0,858,0.1716
28900,0.39,0.61,0.0,56.78020236424429,0.26471712404339803,0.0,4475.2,4475.2,1.380988191003464,1330,1240,2430,0,0,0,5000,0.266,0.248,0.486,0.0,0.0,0.0,1240,0.248
29000,0.2556,0.7444,0.0,52.30826165267487,0.28851618877341256,0.0,3210.3999999999996,3210.3999999999996,1.3812555586206936,806,944,3250,0,0,0,5000,0.1612,0.1888,0.65,0.0,0.0,0.0,944,0.1888
29100,0.2628,0.7372,0.0,53.085205886425406,0.2790141065408311,0.0,3122.3999999999996,3122.3999999999996,1.3813557388316184,874,880,3246,0,0,0,5000,0.1748,0.176,0.6492,0.0,0.0,0.0,880,0.176
29200,0.1928,0.8072,0.0,41.44565689867658,0.3829068499094617,0.0,2294.0,2294.0,1.3807337150684964,578,772,3650,0,0,0,5000,0.1156,0.1544,0.73,0.0,0.0,0.0,772,0.1544
29300,0.28,0.72,0.0,44.48902168836633,0.3693530218738851,0.0,3371.6000000000004,3371.6000000000004,1.3805035576791835,917,966,3117,0,0,0,5000,0.1834,0.1932,0.6234,0.0,0.0,0.0,966,0.1932
29400,0.2276,0.7724,0.0,47.29604795458097,0.33524565298877135,0.0,2794.0,2794.0,1.3803730394557845,676,924,3400,0,0,0,5000,0.1352,0.1848,0.68,0.0,0.0,0.0,924,0.1848
29500,0.3892,0.6108,0.0,58.58377654892798,0.2551037164215528,0.0,4716.4,4716.4,1.3808616244067817,1298,1296,2406,0,0,0,5000,0.2596,0.2592,0.4812,0.0,0.0,0.0,1296,0.2592
29600,0.2628,0.7372,0.0,61.152423634365995,0.18621720020458346,0.0,3202.7999999999997,3202.7999999999997,1.3815113135135155,792,1044,3164,0,0,0,5000,0.1584,0.2088,0.6328,0.0,0.0,0.0,1044,0.2088
29700,0.366,0.634,0.0,61.55194110485413,0.20040744705719676,0.0,4290.4,4290.4,1.381762284175087,1280,1100,2620,0,0,0,5000,0.256,0.22,0.524,0.0,0.0,0.0,1100,0.22
29800,0.3212,0.6788,0.0,59.50374656542782,0.22345771789009275,0.0,3848.3999999999996,3848.3999999999996,1.3821901261745,1042,1128,2830,0,0,0,5000,0.2084,0.2256,0.566,0.0,0.0,0.0,1128,0.2256
29900,0.2224,0.7776,0.0,56.68303096151061,0.25023509143566947,0.0,2773.2,2773.2,1.3825487785953212,663,898,3439,0,0,0,5000,0.1326,0.1796,0.6878,0.0,0.0,0.0,898,0.1796
30000,0.2524,0.7476,0.0,42.652411671442344,0.39215530558107714,0.0,3203.2,3203.2,1.3818273973333357,743,1038,3219,0,0,0,5000,0.1486,0.2076,0.6438,0.0,0.0,0.0,1038,0.2076
30100,0.284,0.716,0.0,47.07919007979223,0.3487033500759257,0.0,3342.7999999999997,3342.7999999999997,1.382069065780734,899,1042,3059,0,0,0,5000,0.1798,0.2084,0.6118,0.0,0.0,0.0,1042,0.2084
30200,0.2188,0.7812,0.0,42.61255072160271,0.3743706980225304,0.0,2803.6,2803.6,1.3816381562913937,651,886,3463,0,0,0,5000,0.1302,0.1772,0.6926,0.0,0.0,0.0,886,0.1772
30300,0.2072,0.7928,0.0,31.696073057281353,0.5156252520908501,0.0,2731.2,2731.2,1.3809049980198052,588,896,3516,0,0,0,5000,0.1176,0.1792,0.7032,0.0,0.0,0.0,896,0.1792
30400,0.3808,0.6192,0.0,34.9229147842741,0.48322199031324004,0.0,4417.6,4417.6,1.3805312684210556,1279,1250,2471,0,0,0,5000,0.2558,0.25,0.4942,0.0,0.0,0.0,1250,0.25
30500,0.3252,0.6748,0.0,45.89985178928683,0.379852910466281,0.0,3908.0,3908.0,1.3807626386885274,1055,1142,2803,0,0,0,5000,0.211,0.2284,0.5606,0.0,0.0,0.0,1142,0.2284
30600,0.3012,0.6988,0.0,52.623704666476954,0.3060771134626669,0.0,3696.4,3696.4,1.3812225202614417,988,1036,2976,0,0,0,5000,0.1976,0.2072,0.5952,0.0,0.0,0.0,1036,0.2072
30700,0.2728,0.7272,0.0,45.459681404621854,0.363683823587189,0.0,3507.6000000000004,3507.6000000000004,1.3810856286644984,810,1108,3082,0,0,0,5000,0.162,0.2216,0.6164,0.0,0.0,0.0,1108,0.2216
30800,0.2292,0.7708,0.0,40.388483033126164,0.42861216800620106,0.0,2980.8,2980.8,1.380944529870133,681,930,3389,0,0,0,5000,0.1362,0.186,0.6778,0.0,0.0,0.0,930,0.186
30900,0.2304,0.7696,0.0,34.50057580504235,0.4862431836188717,0.0,2991.6,2991.6,1.3805883080906178,701,902,3397,0,0,0,5000,0.1402,0.1804,0.6794,0.0,0.0,0.0,902,0.1804
31000,0.2724,0.7276,0.0,39.965370106990335,0.43075362244643556,0.0,3486.0,3486.0,1.3804350245161319,814,1096,3090,0,0,0,5000,0.1628,0.2192,0.618,0.0,0.0,0.0,1096,0.2192
31100,0.2456,0.7544,0.0,38.27598880529266,0.42964061942913645,0.0,2880.3999999999996,2880.3999999999996,1.3799985697749217,780,896,3324,0,0,0,5000,0.156,0.1792,0.6648,0.0,0.0,0.0,896,0.1792
31200,0.2484,0.7516,0.0,43.151173624435906,0.38959292818345315,0.0,3036.8,3036.8,1.379766241025644,735,1014,3251,0,0,0,5000,0.147,0.2028,0.6502,0.0,0.0,0.0,1014,0.2028
31300,0.2528,0.7472,0.0,52.54196979197879,0.27778332254175,0.0,3011.5999999999995,3011.5999999999995,1.3799101955271589,798,932,3270,0,0,0,5000,0.1596,0.1864,0.654,0.0,0.0,0.0,932,0.1864
31400,0.3232,0.6768,0.0,46.91715684384009,0.3725899994101937,0.0,3802.4,3802.4,1.3796049070063723,1074,1084,2842,0,0,0,5000,0.2148,0.2168,0.5684,0.0,0.0,0.0,1084,0.2168
31500,0.3184,0.6816,0.0,47.48119866679173,0.3544449637336965,0.0,3880.7999999999997,3880.7999999999997,1.3796574323809552,1014,1156,2830,0,0,0,5000,0.2028,0.2312,0.566,0.0,0.0,0.0,1156,0.2312
31600,0.3248,0.6752,0.0,51.60920039047761,0.2941522804545276,0.0,3816.4,3816.4,1.3797625772151925,1044,1160,2796,0,0,0,5000,0.2088,0.232,0.5592,0.0,0.0,0.0,1160,0.232
31700,0.1876,0.8124,0.0,51.50624916514114,0.27541620016053736,0.0,2341.2000000000003,2341.2000000000003,1.3798002927444817,540,796,3664,0,0,0,5000,0.108,0.1592,0.7328,0.0,0.0,0.0,796,0.1592
31800,0.2208,0.7792,0.0,30.39692905875548,0.5169454619522066,0.0,2780.0,2780.0,1.3786886289308193,658,892,3450,0,0,0,5000,0.1316,0.1784,0.69,0.0,0.0,0.0,892,0.1784
31900,0.3156,0.6844,0.0,46.608767712797246,0.3743029734522671,0.0,3843.6,3843.6,1.37902804263323,1022,1112,2866,0,0,0,5000,0.2044,0.2224,0.5732,0.0,0.0,0.0,1112,0.2224
32000,0.292,0.708,0.0,43.64768984502247,0.3994101945070416,0.0,3567.2000000000003,3567.2000000000003,1.378871815000002,934,1052,3014,0,0,0,5000,0.1868,0.2104,0.6028,0.0,0.0,0.0,1052,0.2104
32100,0.1972,0.8028,0.0,26.959566674292144,0.5253614577114613,0.0,2404.8,2404.8,1.3781734928348925,587,798,3615,0,0,0,5000,0.1174,0.1596,0.723,0.0,0.0,0.0,798,0.1596
32200,0.2324,0.7676,0.0,22.48950185611547,0.5846122960036182,0.0,2863.6,2863.6,1.377560318012424,687,950,3363,0,0,0,5000,0.1374,0.19,0.6726,0.0,0.0,0.0,950,0.19
32300,0.2092,0.7908,0.0,29.996825612956705,0.5030269554155177,0.0,2537.6000000000004,2537.6000000000004,1.3773757919504666,656,780,3564,0,0,0,5000,0.1312,0.156,0.7128,0.0,0.0,0.0,780,0.156
32400,0.2336,0.7664,0.0,29.6074134916906,0.5136283363979367,0.0,2924.8,2924.8,1.3768861283950626,701,934,3365,0,0,0,5000,0.1402,0.1868,0.673,0.0,0.0,0.0,934,0.1868
32500,0.274,0.726,0.0,33.38277634877816,0.49326867819303005,0.0,3531.6,3531.6,1.3766639261538474,819,1102,3079,0,0,0,5000,0.1638,0.2204,0.6158,0.0,0.0,0.0,1102,0.2204
32600,0.3024,0.6976,0.0,33.73170307159014,0.4920569915371211,0.0,3606.4,3606.4,1.3764582282208602,984,1056,2960,0,0,0,5000,0.1968,0.2112,0.592,0.0,0.0,0.0,1056,0.2112
32700,0.288,0.712,0.0,42.58536922025464,0.39940733430792225,0.0,3540.4,3540.4,1.3768159461773706,921,1038,3041,0,0,0,5000,0.1842,0.2076,0.6082,0.0,0.0,0.0,1038,0.2076
32800,0.2948,0.7052,0.0,40.90577382707585,0.4038411973612731,0.0,3489.6,3489.6,1.3765509756097567,961,1026,3013,0,0,0,5000,0.1922,0.2052,0.6026,0.0,0.0,0.0,1026,0.2052
32900,0.3188,0.6812,0.0,46.101451266662274,0.3871854238696277,0.0,3944.7999999999993,3944.7999999999993,1.376701300911855,1015,1158,2827,0,0,0,5000,0.203,0.2316,0.5654,0.0,0.0,0.0,1158,0.2316
33000,0.2572,0.7428,0.0,40.55016918224038,0.41155874157350697,0.0,3157.6000000000004,3157.6000000000004,1.3764200339393955,821,930,3249,0,0,0,5000,0.1642,0.186,0.6498,0.0,0.0,0.0,930,0.186
33100,0.2444,0.7556,0.0,37.884046363529094,0.4485662407536814,0.0,2979.2,2979.2,1.3760500060422978,789,866,3345,0,0,0,5000,0.1578,0.1732,0.669,0.0,0.0,0.0,866,0.1732
33200,0.312,0.688,0.0,42.72452791526169,0.4005138255079412,0.0,3748.3999999999996,3748.3999999999996,1.3759377445783156,999,1122,2879,0,0,0,5000,0.1998,0.2244,0.5758,0.0,0.0,0.0,1122,0.2244
33300,0.3576,0.6424,0.0,55.1204640275283,0.30264971823682446,0.0,4625.6,4625.6,1.376538642642645,1170,1236,2594,0,0,0,5000,0.234,0.2472,0.5188,0.0,0.0,0.0,1236,0.2472
33400,0.344,0.656,0.0,57.62798080089062,0.23829002444541325,0.0,4086.7999999999997,4086.7999999999997,1.3768970011976076,1135,1170,2695,0,0,0,5000,0.227,0.234,0.539,0.0,0.0,0.0,1170,0.234
33500,0.31,0.69,0.0,55.36629799863721,0.25387550921706686,0.0,3719.6000000000004,3719.6000000000004,1.3770632979104511,1025,1050,2925,0,0,0,5000,0.205,0.21,0.585,0.0,0.0,0.0,1050,0.21
33600,0.2404,0.7596,0.0,57.36869509077251,0.2132322005876925,0.0,2919.6000000000004,2919.6000000000004,1.3774428904761944,713,978,3309,0,0,0,5000,0.1426,0.1956,0.6618,0.0,0.0,0.0,978,0.1956
33700,0.3048,0.6952,0.0,57.07127231063128,0.2485182116175064,0.0,3735.2000000000003,3735.2000000000003,1.3775140890207738,970,1108,2922,0,0,0,5000,0.194,0.2216,0.5844,0.0,0.0,0.0,1108,0.2216
33800,0.2468,0.7532,0.0,45.248983549032836,0.3827046499449823,0.0,3035.6000000000004,3035.6000000000004,1.3772699692307715,793,882,3325,0,0,0,5000,0.1586,0.1764,0.665,0.0,0.0,0.0,882,0.1764
33900,0.2324,0.7676,0.0,40.98001946760424,0.4243343206654646,0.0,2866.3999999999996,2866.3999999999996,1.3772530359882036,716,892,3392,0,0,0,5000,0.1432,0.1784,0.6784,0.0,0.0,0.0,892,0.1784
34000,0.2476,0.7524,0.0,37.951635714765764,0.45379145057188736,0.0,3003.6000000000004,3003.6000000000004,1.3771335764705916,772,932,3296,0,0,0,5000,0.1544,0.1864,0.6592,0.0,0.0,0.0,932,0.1864
34100,0.2368,0.7632,0.0,36.51478287299544,0.45121856287302886,0.0,2855.2,2855.2,1.3768957560117339,720,928,3352,0,0,0,5000,0.144,0.1856,0.6704,0.0,0.0,0.0,928,0.1856
34200,0.2664,0.7336,0.0,36.86238153857279,0.463582243990059,0.0,3284.8,3284.8,1.3769353029239806,790,1084,3126,0,0,0,5000,0.158,0.2168,0.6252,0.0,0.0,0.0,1084,0.2168
34300,0.3148,0.6852,0.0,39.3965652068536,0.4303049537907861,0.0,3794.0,3794.0,1.3769292221574385,1019,1110,2871,0,0,0,5000,0.2038,0.222,0.5742,0.0,0.0,0.0,1110,0.222
34400,0.3084,0.6916,0.0,46.41685982618341,0.3675392132004683,0.0,3624.0,3624.0,1.3772023720930282,1004,1076,2920,0,0,0,5000,0.2008,0.2152,0.584,0.0,0.0,0.0,1076,0.2152
34500,0.3412,0.6588,0.0,51.556665901155725,0.319275835671123,0.0,4099.599999999999,4099.599999999999,1.3777052800000038,1119,1174,2707,0,0,0,5000,0.2238,0.2348,0.5414,0.0,0.0,0.0,1174,0.2348
34600,0.35,0.65,0.0,54.91555230961228,0.2690887951689074,0.0,4207.6,4207.6,1.3781242543352643,1150,1200,2650,0,0,0,5000,0.23,0.24,0.53,0.0,0.0,0.0,1200,0.24
34700,0.3452,0.6548,0.0,59.84316492054898,0.2277984611827719,0.0,4199.6,4199.6,1.3788066858789667,1098,1256,2646,0,0,0,5000,0.2196,0.2512,0.5292,0.0,0.0,0.0,1256,0.2512
34800,0.2668,0.7332,0.0,53.403125726525275,0.27325147433531477,0.0,3417.6000000000004,3417.6000000000004,1.378777388505751,811,1046,3143,0,0,0,5000,0.1622,0.2092,0.6286,0.0,0.0,0.0,1046,0.2092
34900,0.2588,0.7412,0.0,49.106062595390966,0.3211553434196968,0.0,3032.4,3032.4,1.3787167862464218,858,872,3270,0,0,0,5000,0.1716,0.1744,0.654,0.0,0.0,0.0,872,0.1744
35000,0.2436,0.7564,0.0,46.0119180453961,0.36301070159146337,0.0,3047.5999999999995,3047.5999999999995,1.3785120000000035,766,904,3330,0,0,0,5000,0.1532,0.1808,0.666,0.0,0.0,0.0,904,0.1808
35100,0.3236,0.6764,0.0,46.19355308842758,0.3663745491316255,0.0,3788.0,3788.0,1.3783146438746472,1059,1118,2823,0,0,0,5000,0.2118,0.2236,0.5646,0.0,0.0,0.0,1118,0.2236
35200,0.2856,0.7144,0.0,53.11265013283301,0.2968347929392707,0.0,3698.4,3698.4,1.3788667545454578,869,1118,3013,0,0,0,5000,0.1738,0.2236,0.6026,0.0,0.0,0.0,1118,0.2236
35300,0.328,0.672,0.0,60.96523801734477,0.21295550291783288,0.0,3920.4,3920.4,1.379339997733714,1083,1114,2803,0,0,0,5000,0.2166,0.2228,0.5606,0.0,0.0,0.0,1114,0.2228
35400,0.2872,0.7128,0.0,58.32219851589274,0.23921170281982646,0.0,3513.6000000000004,3513.6000000000004,1.3796404293785336,933,1006,3061,0,0,0,5000,0.1866,0.2012,0.6122,0.0,0.0,0.0,1006,0.2012
35500,0.3072,0.6928,0.0,58.01504053928445,0.23886969513480233,0.0,3587.2,3587.2,1.3799676754929604,998,1076,2926,0,0,0,5000,0.1996,0.2152,0.5852,0.0,0.0,0.0,1076,0.2152
35600,0.1648,0.8352,0.0,43.11617120870401,0.36664591635253413,0.0,2202.4,2202.4,1.3796630741573068,440,768,3792,0,0,0,5000,0.088,0.1536,0.7584,0.0,0.0,0.0,768,0.1536
35700,0.272,0.728,0.0,40.364152361649225,0.4237278887143314,0.0,3216.0000000000005,3216.0000000000005,1.3793214789916002,845,1030,3125,0,0,0,5000,0.169,0.206,0.625,0.0,0.0,0.0,1030,0.206
35800,0.276,0.724,0.0,49.01595176331481,0.33820889442848473,0.0,3516.3999999999996,3516.3999999999996,1.37968755307263,833,1094,3073,0,0,0,5000,0.1666,0.2188,0.6146,0.0,0.0,0.0,1094,0.2188
35900,0.3024,0.6976,0.0,54.64464666476607,0.2781189207291718,0.0,3882.8,3882.8,1.3799116167130956,941,1142,2917,0,0,0,5000,0.1882,0.2284,0.5834,0.0,0.0,0.0,1142,0.2284
36000,0.2564,0.7436,0.0,44.61922355639535,0.3705734298312422,0.0,3171.2,3171.2,1.3797941288888924,861,842,3297,0,0,0,5000,0.1722,0.1684,0.6594,0.0,0.0,0.0,842,0.1684
36100,0.2828,0.7172,0.0,40.63367205669581,0.41281871703917977,0.0,3311.2,3311.2,1.3794615224376774,961,906,3133,0,0,0,5000,0.1922,0.1812,0.6266,0.0,0.0,0.0,906,0.1812
36200,0.2444,0.7556,0.0,28.12968956782393,0.5294055795109607,0.0,3012.4,3012.4,1.3789202342541476,784,876,3340,0,0,0,5000,0.1568,0.1752,0.668,0.0,0.0,0.0,876,0.1752
36300,0.31,0.69,0.0,36.89090273165739,0.46317029129383436,0.0,3916.8,3916.8,1.3789279823691498,944,1212,2844,0,0,0,5000,0.1888,0.2424,0.5688,0.0,0.0,0.0,1212,0.2424
36400,0.2964,0.7036,0.0,52.29730040751061,0.30843529944825215,0.0,3843.6,3843.6,1.379401648351652,868,1228,2904,0,0,0,5000,0.1736,0.2456,0.5808,0.0,0.0,0.0,1228,0.2456
36500,0.354,0.646,0.0,58.37305645553897,0.2561342612958613,0.0,4248.8,4248.8,1.3799318882191816,1157,1226,2617,0,0,0,5000,0.2314,0.2452,0.5234,0.0,0.0,0.0,1226,0.2452
36600,0.3068,0.6932,0.0,54.461608688114445,0.2541699092653959,0.0,3493.2,3493.2,1.3800187497267795,1018,1032,2950,0,0,0,5000,0.2036,0.2064,0.59,0.0,0.0,0.0,1032,0.2064
36700,0.3096,0.6904,0.0,55.894555109108964,0.2662192883560974,0.0,3826.0,3826.0,1.3802455673024567,1017,1062,2921,0,0,0,5000,0.2034,0.2124,0.5842,0.0,0.0,0.0,1062,0.2124
36800,0.3144,0.6856,0.0,59.385891908082264,0.2289392935729563,0.0,3875.2,3875.2,1.380737356521744,1026,1092,2882,0,0,0,5000,0.2052,0.2184,0.5764,0.0,0.0,0.0,1092,0.2184
36900,0.2072,0.7928,0.0,39.31039180766466,0.42312114468935197,0.0,2479.6000000000004,2479.6000000000004,1.380177626016265,649,774,3577,0,0,0,5000,0.1298,0.1548,0.7154,0.0,0.0,0.0,774,0.1548
37000,0.238,0.762,0.0,43.45707786453298,0.3894636462697,0.0,3004.0,3004.0,1.3802512172973018,710,960,3330,0,0,0,5000,0.142,0.192,0.666,0.0,0.0,0.0,960,0.192
37100,0.3344,0.6656,0.0,50.805962041436416,0.33613774651467443,0.0,4117.6,4117.6,1.3803971665768247,1094,1156,2750,0,0,0,5000,0.2188,0.2312,0.55,0.0,0.0,0.0,1156,0.2312
37200,0.2128,0.7872,0.0,47.97544417401673,0.30263058456967634,0.0,2624.0,2624.0,1.3806248387096822,633,862,3505,0,0,0,5000,0.1266,0.1724,0.701,0.0,0.0,0.0,862,0.1724
37300,0.2936,0.7064,0.0,48.90587677908154,0.3367300226743773,0.0,3456.4,3456.4,1.3805768793565731,954,1028,3018,0,0,0,5000,0.1908,0.2056,0.6036,0.0,0.0,0.0,1028,0.2056
37400,0.3056,0.6944,0.0,39.5697719886138,0.4333574000861553,0.0,3643.6000000000004,3643.6000000000004,1.3801593497326254,990,1076,2934,0,0,0,5000,0.198,0.2152,0.5868,0.0,0.0,0.0,1076,0.2152
37500,0.298,0.702,0.0,40.05420451736739,0.42985310723639936,0.0,3615.2,3615.2,1.3800729813333383,966,1048,2986,0,0,0,5000,0.1932,0.2096,0.5972,0.0,0.0,0.0,1048,0.2096
37600,0.2492,0.7508,0.0,44.86744399997326,0.3828282670045224,0.0,3345.6,3345.6,1.3801280595744727,706,1080,3214,0,0,0,5000,0.1412,0.216,0.6428,0.0,0.0,0.0,1080,0.216
37700,0.2692,0.7308,0.0,22.311088161422486,0.5990029966926074,0.0,3149.6,3149.6,1.3791491352785192,920,852,3228,0,0,0,5000,0.184,0.1704,0.6456,0.0,0.0,0.0,852,0.1704
37800,0.1904,0.8096,0.0,22.547407088846523,0.5863312807521209,0.0,2332.4,2332.4,1.3788891132275187,581,742,3677,0,0,0,5000,0.1162,0.1484,0.7354,0.0,0.0,0.0,742,0.1484
37900,0.318,0.682,0.0,30.4343319113013,0.5132982821621058,0.0,3848.0,3848.0,1.378947761477578,1011,1158,2831,0,0,0,5000,0.2022,0.2316,0.5662,0.0,0.0,0.0,1158,0.2316
38000,0.3164,0.6836,0.0,35.10021230938769,0.4848992695262841,0.0,3857.6,3857.6,1.3791067452631625,975,1214,2811,0,0,0,5000,0.195,0.2428,0.5622,0.0,0.0,0.0,1214,0.2428
38100,0.312,0.688,0.0,43.30380839441874,0.40273770302665346,0.0,3728.8,3728.8,1.3792288881889812,969,1182,2849,0,0,0,5000,0.1938,0.2364,0.5698,0.0,0.0,0.0,1182,0.2364
38200,0.3016,0.6984,0.0,38.44396378609255,0.4383836563792009,0.0,3494.3999999999996,3494.3999999999996,1.3790690764397948,982,1052,2966,0,0,0,5000,0.1964,0.2104,0.5932,0.0,0.0,0.0,1052,0.2104
38300,0.2684,0.7316,0.0,42.81232968027628,0.3722657087148254,0.0,3322.8,3322.8,1.3790383248041822,822,1040,3138,0,0,0,5000,0.1644,0.208,0.6276,0.0,0.0,0.0,1040,0.208
38400,0.2648,0.7352,0.0,38.089889280924666,0.455256049464241,0.0,3103.2,3103.2,1.3787157750000039,844,960,3196,0,0,0,5000,0.1688,0.192,0.6392,0.0,0.0,0.0,960,0.192
38500,0.3128,0.6872,0.0,44.42711050871191,0.3960789381061796,0.0,3997.6,3997.6,1.3787124820779262,952,1224,2824,0,0,0,5000,0.1904,0.2448,0.5648,0.0,0.0,0.0,1224,0.2448
38600,0.2988,0.7012,0.0,37.3788069656271,0.4637586732390027,0.0,3760.3999999999996,3760.3999999999996,1.3784047585492267,947,1094,2959,0,0,0,5000,0.1894,0.2188,0.5918,0.0,0.0,0.0,1094,0.2188
38700,0.2852,0.7148,0.0,43.50926995985326,0.3948481699574362,0.0,3391.9999999999995,3391.9999999999995,1.378488363824293,895,1062,3043,0,0,0,5000,0.179,0.2124,0.6086,0.0,0.0,0.0,1062,0.2124
38800,0.274,0.726,0.0,41.64543128355656,0.41988249776741055,0.0,3193.2000000000003,3193.2000000000003,1.3782658927835092,931,878,3191,0,0,0,5000,0.1862,0.1756,0.6382,0.0,0.0,0.0,878,0.1756
38900,0.2684,0.7316,0.0,38.89386751938978,0.43521735400041983,0.0,3283.2,3283.2,1.3782434920308526,814,1056,3130,0,0,0,5000,0.1628,0.2112,0.626,0.0,0.0,0.0,1056,0.2112
39000,0.3188,0.6812,0.0,47.02680975263513,0.3628740117762317,0.0,3892.7999999999997,3892.7999999999997,1.3784092061538507,1004,1180,2816,0,0,0,5000,0.2008,0.236,0.5632,0.0,0.0,0.0,1180,0.236
39100,0.3052,0.6948,0.0,43.4498049110415,0.3996878190557877,0.0,3652.0,3652.0,1.378383332992332,993,1066,2941,0,0,0,5000,0.1986,0.2132,0.5882,0.0,0.0,0.0,1066,0.2132
39200,0.2508,0.7492,0.0,42.41467563727693,0.39869789807128875,0.0,3101.2,3101.2,1.3785188408163296,756,996,3248,0,0,0,5000,0.1512,0.1992,0.6496,0.0,0.0,0.0,996,0.1992
39300,0.2436,0.7564,0.0,36.369828901785915,0.45837235330872156,0.0,3252.8,3252.8,1.378351218320613,676,1084,3240,0,0,0,5000,0.1352,0.2168,0.648,0.0,0.0,0.0,1084,0.2168
39400,0.2472,0.7528,0.0,41.618316490231074,0.4170261222137577,0.0,3023.6,3023.6,1.378457035532997,771,930,3299,0,0,0,5000,0.1542,0.186,0.6598,0.0,0.0,0.0,930,0.186
39500,0.224,0.776,0.0,38.998779541099736,0.4031113186171465,0.0,2956.0,2956.0,1.3783334359493715,616,1008,3376,0,0,0,5000,0.1232,0.2016,0.6752,0.0,0.0,0.0,1008,0.2016
39600,0.246,0.754,0.0,44.27430550149126,0.3782739677817637,0.0,3062.0,3062.0,1.3783141494949536,736,988,3276,0,0,0,5000,0.1472,0.1976,0.6552,0.0,0.0,0.0,988,0.1976
39700,0.2344,0.7656,0.0,31.452745431108294,0.5218165138280664,0.0,2824.0,2824.0,1.3777631919395503,755,834,3411,0,0,0,5000,0.151,0.1668,0.6822,0.0,0.0,0.0,834,0.1668
39800,0.2328,0.7672,0.0,27.536598520824313,0.5329521942335114,0.0,3074.0,3074.0,1.3774255798995008,689,950,3361,0,0,0,5000,0.1378,0.19,0.6722,0.0,0.0,0.0,950,0.19
39900,0.2668,0.7332,0.0,37.52900381391198,0.4372813128739501,0.0,3234.3999999999996,3234.3999999999996,1.377430596491231,821,1026,3153,0,0,0,5000,0.1642,0.2052,0.6306,0.0,0.0,0.0,1026,0.2052
40000,0.2968,0.7032,0.0,39.92685786192509,0.4313972639924872,0.0,3580.4,3580.4,1.377409744000004,957,1054,2989,0,0,0,5000,0.1914,0.2108,0.5978,0.0,0.0,0.0,1054,0.2108
40100,0.2276,0.7724,0.0,36.7905576376045,0.4528499287322359,0.0,3010.0000000000005,3010.0000000000005,1.3771473675810526,631,1014,3355,0,0,0,5000,0.1262,0.2028,0.671,0.0,0.0,0.0,1014,0.2028
40200,0.318,0.682,0.0,39.210320533669005,0.44737672930722666,0.0,3922.7999999999997,3922.7999999999997,1.3770939860696583,1004,1172,2824,0,0,0,5000,0.2008,0.2344,0.5648,0.0,0.0,0.0,1172,0.2344
40300,0.2324,0.7676,0.0,44.39877636581336,0.36776571039849576,0.0,2786.3999999999996,2786.3999999999996,1.3771975186104268,727,870,3403,0,0,0,5000,0.1454,0.174,0.6806,0.0,0.0,0.0,870,0.174
40400,0.2524,0.7476,0.0,45.353156333634985,0.3528912324043266,0.0,3086.8,3086.8,1.3771664198019844,784,956,3260,0,0,0,5000,0.1568,0.1912,0.652,0.0,0.0,0.0,956,0.1912
40500,0.2428,0.7572,0.0,46.0327333558298,0.3462221311088188,0.0,3030.4,3030.4,1.377175830123462,714,1000,3286,0,0,0,5000,0.1428,0.2,0.6572,0.0,0.0,0.0,1000,0.2
40600,0.2352,0.7648,0.0,35.31575330962612,0.46273302943365724,0.0,2822.0,2822.0,1.3766964019704502,735,882,3383,0,0,0,5000,0.147,0.1764,0.6766,0.0,0.0,0.0,882,0.1764
40700,0.3256,0.6744,0.0,45.90361899364306,0.3709362813623839,0.0,4116.0,4116.0,1.3767648628992704,971,1314,2715,0,0,0,5000,0.1942,0.2628,0.543,0.0,0.0,0.0,1314,0.2628
40800,0.3228,0.6772,0.0,47.897476746527076,0.3541115608228447,0.0,3930.0,3930.0,1.3766929647058894,1039,1150,2811,0,0,0,5000,0.2078,0.23,0.5622,0.0,0.0,0.0,1150,0.23
40900,0.2668,0.7332,0.0,41.195581474538734,0.4060827362229601,0.0,3255.2,3255.2,1.3764031061124768,820,1028,3152,0,0,0,5000,0.164,0.2056,0.6304,0.0,0.0,0.0,1028,0.2056
41000,0.2688,0.7312,0.0,47.71409103380093,0.34839898782342554,0.0,3197.9999999999995,3197.9999999999995,1.3765695102439097,797,1094,3109,0,0,0,5000,0.1594,0.2188,0.6218,0.0,0.0,0.0,1094,0.2188
41100,0.3248,0.6752,0.0,53.82790752904795,0.28542575399660375,0.0,3979.2,3979.2,1.3767246559610773,998,1252,2750,0,0,0,5000,0.1996,0.2504,0.55,0.0,0.0,0.0,1252,0.2504
41200,0.2636,0.7364,0.0,42.47300190382226,0.3744694072419919,0.0,3181.2,3181.2,1.3763806058252486,863,910,3227,0,0,0,5000,0.1726,0.182,0.6454,0.0,0.0,0.0,910,0.182
41300,0.3164,0.6836,0.0,44.371058192308936,0.3966128972101992,0.0,3712.0,3712.0,1.3764394266343887,1058,1048,2894,0,0,0,5000,0.2116,0.2096,0.5788,0.0,0.0,0.0,1048,0.2096
41400,0.268,0.732,0.0,38.01673382583759,0.4354658686448472,0.0,3224.8,3224.8,1.3761519961352722,896,888,3216,0,0,0,5000,0.1792,0.1776,0.6432,0.0,0.0,0.0,888,0.1776
41500,0.238,0.762,0.0,31.23793744705813,0.5326993173801058,0.0,3040.3999999999996,3040.3999999999996,1.3757479826506083,756,868,3376,0,0,0,5000,0.1512,0.1736,0.6752,0.0,0.0,0.0,868,0.1736
41600,0.2424,0.7576,0.0,36.00467575648246,0.46074390269800325,0.0,2932.0,2932.0,1.375607753846161,759,906,3335,0,0,0,5000,0.1518,0.1812,0.667,0.0,0.0,0.0,906,0.1812
41700,0.32,0.68,0.0,47.48253393037182,0.351798383596188,0.0,4004.3999999999996,4004.3999999999996,1.375917060911278,989,1222,2789,0,0,0,5000,0.1978,0.2444,0.5578,0.0,0.0,0.0,1222,0.2444
41800,0.2576,0.7424,0.0,38.174018535056824,0.43394541435371925,0.0,3132.4,3132.4,1.3755929799043127,809,958,3233,0,0,0,5000,0.1618,0.1916,0.6466,0.0,0.0,0.0,958,0.1916
41900,0.2652,0.7348,0.0,45.818919170295985,0.3758907844575288,0.0,3268.0,3268.0,1.3757306081145655,825,1002,3173,0,0,0,5000,0.165,0.2004,0.6346,0.0,0.0,0.0,1002,0.2004
42000,0.252,0.748,0.0,27.405484526832588,0.5683738440950682,0.0,2957.9999999999995,2957.9999999999995,1.375153912380961,844,832,3324,0,0,0,5000,0.1688,0.1664,0.6648,0.0,0.0,0.0,832,0.1664
42100,0.3444,0.6556,0.0,36.91120590521708,0.46429191043862916,0.0,4017.5999999999995,4017.5999999999995,1.37529265178148,1156,1132,2712,0,0,0,5000,0.2312,0.2264,0.5424,0.0,0.0,0.0,1132,0.2264
42200,0.3036,0.6964,0.0,52.41730866857023,0.30520670067746086,0.0,3656.4,3656.4,1.3758933573459777,951,1134,2915,0,0,0,5000,0.1902,0.2268,0.583,0.0,0.0,0.0,1134,0.2268
42300,0.2916,0.7084,0.0,54.373555669802975,0.2709872296987267,0.0,3692.8,3692.8,1.3761626137115905,858,1200,2942,0,0,0,5000,0.1716,0.24,0.5884,0.0,0.0,0.0,1200,0.24
42400,0.2932,0.7068,0.0,56.10749557617751,0.2525769085865077,0.0,3560.8,3560.8,1.3763695132075537,917,1098,2985,0,0,0,5000,0.1834,0.2196,0.597,0.0,0.0,0.0,1098,0.2196
42500,0.2864,0.7136,0.0,57.2460541331016,0.24447962030371828,0.0,3455.2,3455.2,1.3766772818823594,909,1046,3045,0,0,0,5000,0.1818,0.2092,0.609,0.0,0.0,0.0,1046,0.2092
42600,0.2712,0.7288,0.0,54.2106841721583,0.2850611892552638,0.0,3472.4,3472.4,1.3768620356807577,813,1086,3101,0,0,0,5000,0.1626,0.2172,0.6202,0.0,0.0,0.0,1086,0.2172
42700,0.2392,0.7608,0.0,53.50960445449233,0.2842515534568388,0.0,3150.8,3150.8,1.377089367681506,668,1056,3276,0,0,0,5000,0.1336,0.2112,0.6552,0.0,0.0,0.0,1056,0.2112
42800,0.2228,0.7772,0.0,38.33244290744385,0.42988730934762803,0.0,2614.0,2614.0,1.3766441495327182,750,728,3522,0,0,0,5000,0.15,0.1456,0.7044,0.0,0.0,0.0,728,0.1456
42900,0.2416,0.7584,0.0,32.94916546379472,0.49931946441797775,0.0,3038.8,3038.8,1.3763276382284468,723,970,3307,0,0,0,5000,0.1446,0.194,0.6614,0.0,0.0,0.0,970,0.194
43000,0.2704,0.7296,0.0,37.45139080622042,0.46192035855504215,0.0,3344.8,3344.8,1.376272941395358,795,1114,3091,0,0,0,5000,0.159,0.2228,0.6182,0.0,0.0,0.0,1114,0.2228
43100,0.31,0.69,0.0,40.20299835216707,0.439075723276067,0.0,3881.2000000000003,3881.2000000000003,1.3762050784222817,992,1116,2892,0,0,0,5000,0.1984,0.2232,0.5784,0.0,0.0,0.0,1116,0.2232
43200,0.2984,0.7016,0.0,41.272030778667066,0.4277064732616421,0.0,3469.6000000000004,3469.6000000000004,1.3761803037037121,971,1042,2987,0,0,0,5000,0.1942,0.2084,0.5974,0.0,0.0,0.0,1042,0.2084
43300,0.2284,0.7716,0.0,46.39908739012567,0.3542619478335787,0.0,2758.7999999999997,2758.7999999999997,1.3762306956120176,683,918,3399,0,0,0,5000,0.1366,0.1836,0.6798,0.0,0.0,0.0,918,0.1836
43400,0.2928,0.7072,0.0,34.64837000561497,0.4656155589346063,0.0,3388.4,3388.4,1.3757968589861829,954,1020,3026,0,0,0,5000,0.1908,0.204,0.6052,0.0,0.0,0.0,1020,0.204
43500,0.2748,0.7252,0.0,45.28729854608683,0.38081915102357605,0.0,3484.4,3484.4,1.3758924873563292,822,1104,3074,0,0,0,5000,0.1644,0.2208,0.6148,0.0,0.0,0.0,1104,0.2208
43600,0.2332,0.7668,0.0,47.58170548472897,0.3364322666538971,0.0,2851.2000000000003,2851.2000000000003,1.3759499926605574,744,844,3412,0,0,0,5000,0.1488,0.1688,0.6824,0.0,0.0,0.0,844,0.1688
43700,0.2524,0.7476,0.0,43.919990317593026,0.38039689795951653,0.0,2949.2,2949.2,1.3757744659038964,850,824,3326,0,0,0,5000,0.17,0.1648,0.6652,0.0,0.0,0.0,824,0.1648
43800,0.2928,0.7072,0.0,45.9926075194315,0.3807276779643748,0.0,3452.4,3452.4,1.3757963799086812,935,1058,3007,0,0,0,5000,0.187,0.2116,0.6014,0.0,0.0,0.0,1058,0.2116
43900,0.2692,0.7308,0.0,49.376081914211866,0.31869773222752223,0.0,3507.2000000000003,3507.2000000000003,1.3759140555808709,848,996,3156,0,0,0,5000,0.1696,0.1992,0.6312,0.0,0.0,0.0,996,0.1992
44000,0.3624,0.6376,0.0,55.89635397273642,0.2680013845055438,0.0,4528.8,4528.8,1.376210141818186,1178,1268,2554,0,0,0,5000,0.2356,0.2536,0.5108,0.0,0.0,0.0,1268,0.2536
44100,0.2648,0.7352,0.0,55.75548313801879,0.2599683691562724,0.0,3398.4,3398.4,1.3764622403628166,824,1000,3176,0,0,0,5000,0.1648,0.2,0.6352,0.0,0.0,0.0,1000,0.2
44200,0.2772,0.7228,0.0,47.768973806753024,0.3425914851903589,0.0,3328.3999999999996,3328.3999999999996,1.3762504760181047,882,1008,3110,0,0,0,5000,0.1764,0.2016,0.622,0.0,0.0,0.0,1008,0.2016
44300,0.236,0.764,0.0,53.52408838270813,0.2752321288561777,0.0,2820.0,2820.0,1.3765488072234808,735,890,3375,0,0,0,5000,0.147,0.178,0.675,0.0,0.0,0.0,890,0.178
44400,0.2588,0.7412,0.0,43.491023784224026,0.3813643589900235,0.0,3314.3999999999996,3314.3999999999996,1.3761801081081135,779,1030,3191,0,0,0,5000,0.1558,0.206,0.6382,0.0,0.0,0.0,1030,0.206
44500,0.3072,0.6928,0.0,51.73875678822384,0.3094322629749452,0.0,3729.2,3729.2,1.3764168557303422,946,1180,2874,0,0,0,5000,0.1892,0.236,0.5748,0.0,0.0,0.0,1180,0.236
44600,0.272,0.728,0.0,54.268030919731935,0.27582295375152016,0.0,3392.3999999999996,3392.3999999999996,1.37665957668162,837,1046,3117,0,0,0,5000,0.1674,0.2092,0.6234,0.0,0.0,0.0,1046,0.2092
44700,0.2984,0.7016,0.0,55.81760023334591,0.24736899773107277,0.0,3724.8,3724.8,1.3767616250559334,951,1082,2967,0,0,0,5000,0.1902,0.2164,0.5934,0.0,0.0,0.0,1082,0.2164
44800,0.2748,0.7252,0.0,54.95857096889224,0.2409529684106202,0.0,3392.0,3392.0,1.3768079892857192,876,996,3128,0,0,0,5000,0.1752,0.1992,0.6256,0.0,0.0,0.0,996,0.1992
44900,0.268,0.732,0.0,57.804547999468866,0.23720723432961088,0.0,3494.8,3494.8,1.3770874547884233,778,1124,3098,0,0,0,5000,0.1556,0.2248,0.6196,0.0,0.0,0.0,1124,0.2248
45000,0.3108,0.6892,0.0,51.47935511337164,0.3152148769005808,0.0,3642.8,3642.8,1.377096160000004,1019,1070,2911,0,0,0,5000,0.2038,0.214,0.5822,0.0,0.0,0.0,1070,0.214
45100,0.2604,0.7396,0.0,48.20902441499456,0.35524393568665596,0.0,3604.8,3604.8,1.3770475317073214,703,1198,3099,0,0,0,5000,0.1406,0.2396,0.6198,0.0,0.0,0.0,1198,0.2396
45200,0.3244,0.6756,0.0,47.61083648661387,0.3604358779820687,0.0,3762.8,3762.8,1.3769803504424836,1098,1048,2854,0,0,0,5000,0.2196,0.2096,0.5708,0.0,0.0,0.0,1048,0.2096
45300,0.3648,0.6352,0.0,56.67874151321632,0.2621166042810496,0.0,4337.6,4337.6,1.3774033730684399,1189,1270,2541,0,0,0,5000,0.2378,0.254,0.5082,0.0,0.0,0.0,1270,0.254
45400,0.2876,0.7124,0.0,60.88578296994679,0.19276341530223887,0.0,3670.0,3670.0,1.3777707101321643,905,1066,3029,0,0,0,5000,0.181,0.2132,0.6058,0.0,0.0,0.0,1066,0.2132
45500,0.282,0.718,0.0,53.74328719630609,0.27630883657576305,0.0,3255.2000000000003,3255.2000000000003,1.3776297564835227,877,1066,3057,0,0,0,5000,0.1754,0.2132,0.6114,0.0,0.0,0.0,1066,0.2132
45600,0.3036,0.6964,0.0,42.63938443073636,0.4103863106164609,0.0,3611.2,3611.2,1.3772173473684275,1024,988,2988,0,0,0,5000,0.2048,0.1976,0.5976,0.0,0.0,0.0,988,0.1976
45700,0.2528,0.7472,0.0,39.29751343562404,0.42601501084375215,0.0,3029.2,3029.2,1.377161452954055,813,902,3285,0,0,0,5000,0.1626,0.1804,0.657,0.0,0.0,0.0,902,0.1804
45800,0.2944,0.7056,0.0,49.38854150511235,0.3302041611355219,0.0,3434.0,3434.0,1.3773638986899628,968,1008,3024,0,0,0,5000,0.1936,0.2016,0.6048,0.0,0.0,0.0,1008,0.2016
45900,0.2696,0.7304,0.0,51.17797317827468,0.30912919819158574,0.0,3266.3999999999996,3266.3999999999996,1.377425809150334,827,1042,3131,0,0,0,5000,0.1654,0.2084,0.6262,0.0,0.0,0.0,1042,0.2084
46000,0.2196,0.7804,0.0,40.57288310713029,0.41829456535129683,0.0,2687.6,2687.6,1.3769974434782672,634,928,3438,0,0,0,5000,0.1268,0.1856,0.6876,0.0,0.0,0.0,928,0.1856
46100,0.3256,0.6744,0.0,42.131506970481844,0.4122893553139087,0.0,3816.0,3816.0,1.3767875609544529,1140,976,2884,0,0,0,5000,0.228,0.1952,0.5768,0.0,0.0,0.0,976,0.1952
46200,0.2708,0.7292,0.0,50.713428115358596,0.2895790854190231,0.0,3180.4,3180.4,1.3770750164502223,877,954,3169,0,0,0,5000,0.1754,0.1908,0.6338,0.0,0.0,0.0,954,0.1908
46300,0.2752,0.7248,0.0,48.10437764907707,0.3594227043217627,0.0,3403.6,3403.6,1.3770341494600493,850,1052,3098,0,0,0,5000,0.17,0.2104,0.6196,0.0,0.0,0.0,1052,0.2104
46400,0.2656,0.7344,0.0,59.12860423258827,0.2200052606480919,0.0,3407.2,3407.2,1.377543613793109,777,1102,3121,0,0,0,5000,0.1554,0.2204,0.6242,0.0,0.0,0.0,1102,0.2204
46500,0.3384,0.6616,0.0,59.99705383100917,0.2240623546174509,0.0,3950.0,3950.0,1.3777084215053812,1073,1238,2689,0,0,0,5000,0.2146,0.2476,0.5378,0.0,0.0,0.0,1238,0.2476
46600,0.2248,0.7752,0.0,56.850634356669964,0.22700798140438722,0.0,2803.6,2803.6,1.3778638592274732,667,914,3419,0,0,0,5000,0.1334,0.1828,0.6838,0.0,0.0,0.0,914,0.1828
46700,0.26,0.74,0.0,43.921738059368685,0.3879186714520191,0.0,3181.6,3181.6,1.3776724077087836,768,1064,3168,0,0,0,5000,0.1536,0.2128,0.6336,0.0,0.0,0.0,1064,0.2128
46800,0.2932,0.7068,0.0,44.954119739009734,0.37588196452180206,0.0,3610.0,3610.0,1.3776672102564143,944,1044,3012,0,0,0,5000,0.1888,0.2088,0.6024,0.0,0.0,0.0,1044,0.2088
46900,0.2688,0.7312,0.0,53.35830234689454,0.2613312021370707,0.0,3302.8,3302.8,1.3778035616204738,809,1070,3121,0,0,0,5000,0.1618,0.214,0.6242,0.0,0.0,0.0,1070,0.214
47000,0.2932,0.7068,0.0,48.98603372071124,0.3169787689360123,0.0,3617.2,3617.2,1.3775528170212819,951,1030,3019,0,0,0,5000,0.1902,0.206,0.6038,0.0,0.0,0.0,1030,0.206
47100,0.2936,0.7064,0.0,56.99032049296285,0.2513271395492092,0.0,3586.7999999999997,3586.7999999999997,1.3778748399150789,980,976,3044,0,0,0,5000,0.196,0.1952,0.6088,0.0,0.0,0.0,976,0.1952
47200,0.2452,0.7548,0.0,51.15371212752554,0.28512718451141617,0.0,3050.0,3050.0,1.3777948983050896,767,918,3315,0,0,0,5000,0.1534,0.1836,0.663,0.0,0.0,0.0,918,0.1836
47300,0.2068,0.7932,0.0,32.87128254115204,0.48792859720890713,0.0,2348.4,2348.4,1.3771401167019088,685,698,3617,0,0,0,5000,0.137,0.1396,0.7234,0.0,0.0,0.0,698,0.1396
47400,0.2348,0.7652,0.0,32.18934958640201,0.49371068346514557,0.0,2967.6,2967.6,1.3769572219409347,688,972,3340,0,0,0,5000,0.1376,0.1944,0.668,0.0,0.0,0.0,972,0.1944
47500,0.2792,0.7208,0.0,31.210862244529405,0.5002805369455718,0.0,3301.2,3301.2,1.3765913397894807,897,998,3105,0,0,0,5000,0.1794,0.1996,0.621,0.0,0.0,0.0,998,0.1996
47600,0.242,0.758,0.0,44.04707265822364,0.3760645379562153,0.0,2797.2,2797.2,1.3768107764705952,781,858,3361,0,0,0,5000,0.1562,0.1716,0.6722,0.0,0.0,0.0,858,0.1716
47700,0.2992,0.7008,0.0,50.895274167332545,0.3242233840180121,0.0,3713.6,3713.6,1.377081452410909,917,1158,2925,0,0,0,5000,0.1834,0.2316,0.585,0.0,0.0,0.0,1158,0.2316
47800,0.3116,0.6884,0.0,57.45508682232081,0.24005800466971328,0.0,3878.3999999999996,3878.3999999999996,1.3773392769874546,1012,1092,2896,0,0,0,5000,0.2024,0.2184,0.5792,0.0,0.0,0.0,1092,0.2184
47900,0.2312,0.7688,0.0,44.6661988885443,0.3620627987845924,0.0,2741.6000000000004,2741.6000000000004,1.3771718713987535,743,826,3431,0,0,0,5000,0.1486,0.1652,0.6862,0.0,0.0,0.0,826,0.1652
48000,0.3244,0.6756,0.0,47.750377597322604,0.353602698435559,0.0,4111.6,4111.6,1.377209400000006,1034,1176,2790,0,0,0,5000,0.2068,0.2352,0.558,0.0,0.0,0.0,1176,0.2352
48100,0.2428,0.7572,0.0,55.34705723113904,0.2510658109225861,0.0,3052.4,3052.4,1.3774826378378426,721,986,3293,0,0,0,5000,0.1442,0.1972,0.6586,0.0,0.0,0.0,986,0.1972
48200,0.3068,0.6932,0.0,39.29298347244321,0.4464160637198686,0.0,3553.6,3553.6,1.3770199867219968,1039,990,2971,0,0,0,5000,0.2078,0.198,0.5942,0.0,0.0,0.0,990,0.198
48300,0.3032,0.6968,0.0,43.98116662369802,0.39302313041861753,0.0,3602.0,3602.0,1.3771037482401716,965,1102,2933,0,0,0,5000,0.193,0.2204,0.5866,0.0,0.0,0.0,1102,0.2204
48400,0.28,0.72,0.0,43.08931797600731,0.3852597155182897,0.0,3434.4000000000005,3434.4000000000005,1.3770392297520724,892,1016,3092,0,0,0,5000,0.1784,0.2032,0.6184,0.0,0.0,0.0,1016,0.2032
48500,0.2948,0.7052,0.0,48.03135973252537,0.3453861377794946,0.0,3640.7999999999997,3640.7999999999997,1.377071617319594,930,1088,2982,0,0,0,5000,0.186,0.2176,0.5964,0.0,0.0,0.0,1088,0.2176
48600,0.294,0.706,0.0,41.65167327927848,0.40422831925898167,0.0,3426.8,3426.8,1.3769028049382783,955,1030,3015,0,0,0,5000,0.191,0.206,0.603,0.0,0.0,0.0,1030,0.206
48700,0.286,0.714,0.0,44.501295452191144,0.38282591966028434,0.0,3453.5999999999995,3453.5999999999995,1.376958666119103,902,1056,3042,0,0,0,5000,0.1804,0.2112,0.6084,0.0,0.0,0.0,1056,0.2112
48800,0.2288,0.7712,0.0,41.22123804655482,0.3958081787358031,0.0,3058.3999999999996,3058.3999999999996,1.3768026295082014,608,1072,3320,0,0,0,5000,0.1216,0.2144,0.664,0.0,0.0,0.0,1072,0.2144
48900,0.2096,0.7904,0.0,29.944376992014003,0.5178612613398728,0.0,2715.6,2715.6,1.3762962486707608,603,890,3507,0,0,0,5000,0.1206,0.178,0.7014,0.0,0.0,0.0,890,0.178
49000,0.3124,0.6876,0.0,41.85742477291149,0.43332824813894655,0.0,4026.7999999999997,4026.7999999999997,1.3765559542857184,959,1206,2835,0,0,0,5000,0.1918,0.2412,0.567,0.0,0.0,0.0,1206,0.2412
49100,0.2988,0.7012,0.0,34.43484218755714,0.48571681488988655,0.0,3662.8,3662.8,1.3762434118126323,973,1042,2985,0,0,0,5000,0.1946,0.2084,0.597,0.0,0.0,0.0,1042,0.2084
49200,0.2752,0.7248,0.0,41.87822673625001,0.4087859409137665,0.0,3550.8,3550.8,1.376424617886185,788,1176,3036,0,0,0,5000,0.1576,0.2352,0.6072,0.0,0.0,0.0,1176,0.2352
49300,0.3104,0.6896,0.0,47.949075851666414,0.3457333010676371,0.0,3681.6000000000004,3681.6000000000004,1.3764075488843877,980,1144,2876,0,0,0,5000,0.196,0.2288,0.5752,0.0,0.0,0.0,1144,0.2288
49400,0.2924,0.7076,0.0,49.48274989757958,0.3282551703145404,0.0,3593.2,3593.2,1.3764823838056748,908,1108,2984,0,0,0,5000,0.1816,0.2216,0.5968,0.0,0.0,0.0,1108,0.2216
49500,0.3104,0.6896,0.0,48.81107127269578,0.3673016822548478,0.0,3854.8,3854.8,1.3765982222222284,1019,1066,2915,0,0,0,5000,0.2038,0.2132,0.583,0.0,0.0,0.0,1066,0.2132
49600,0.3052,0.6948,0.0,43.672139261837245,0.3867273284463073,0.0,3742.0,3742.0,1.3765842483871027,1005,1042,2953,0,0,0,5000,0.201,0.2084,0.5906,0.0,0.0,0.0,1042,0.2084
49700,0.2612,0.7388,0.0,36.47426086663946,0.47093458321211557,0.0,3354.8,3354.8,1.3762747299798852,795,1022,3183,0,0,0,5000,0.159,0.2044,0.6366,0.0,0.0,0.0,1022,0.2044
49800,0.2684,0.7316,0.0,31.980206916445272,0.4824627669839732,0.0,3192.0,3192.0,1.3760741269076366,855,974,3171,0,0,0,5000,0.171,0.1948,0.6342,0.0,0.0,0.0,974,0.1948
49900,0.3036,0.6964,0.0,41.7968320275741,0.4158689894515651,0.0,3618.4,3618.4,1.3760470444889836,970,1096,2934,0,0,0,5000,0.194,0.2192,0.5868,0.0,0.0,0.0,1096,0.2192
50000,0.2968,0.7032,0.0,56.08458675895154,0.25737899495931127,0.0,3635.6000000000004,3635.6000000000004,1.3764817952000055,938,1092,2970,0,0,0,5000,0.1876,0.2184,0.594,0.0,0.0,0.0,1092,0.2184
